Arrondissement,Quartier,arrondissement_de_residence
Douala III,Yassa,Douala 3
Non précisé,Non précisé,Non précisé
Douala II,New Bell,Douala 1
Douala II,New Bell,Douala 1
Douala V,Ange Raphaël,Douala 5
Douala V,Beedi,Douala (Non précisé)
Douala I,Deido,Douala (Non précisé)
Non précisé,Non précisé,Douala (Non précisé)
Non précisé,Non précisé,Non précisé
Non précisé,Non précisé,Douala 2
Douala III,Ndogpassi,Douala 3
Non précisé,Non précisé,Douala (Non précisé)
Douala III,Yassa,Douala (Non précisé)
Douala V,Ange Raphaël,Douala (Non précisé)
Douala III,Japoma,Douala 3
Douala I,Bonadibong,Douala (Non précisé)
Douala V,Ange Raphaël,Douala (Non précisé)
Non précisé,Non précisé,Douala (Non précisé)
Douala V,Cité Sic,Douala 5
Non précisé,Non précisé,Douala (Non précisé)
Non précisé,Non précisé,Douala (Non précisé)
Douala IV,Besseke,Douala 4
Non précisé,Non précisé,Douala (Non précisé)
Douala I,Akwa,Douala (Non précisé)
Douala I,Akwa,Douala (Non précisé)
Non précisé,Non précisé,Douala (Non précisé)
Non précisé,Non précisé,Yaoundé
Non précisé,Non précisé,Douala (Non précisé)
Non précisé,Non précisé,Meiganga
Non précisé,Non précisé,Douala (Non précisé)
Douala I,Deido,Douala 1
Non précisé,Non précisé,Douala (Non précisé)
Non précisé,Non précisé,Non précisé
Non précisé,Non précisé,Douala (Non précisé)
Douala V,Cité Sic,Douala (Non précisé)
Non précisé,Non précisé,Douala (Non précisé)
Douala V,Ndogbong,Douala 3
Douala III,Pk 9,Douala 5
Douala I,Deido,Douala (Non précisé)
Douala I,Deïdo,Douala 1
Douala III,Brazzaville,Douala (Non précisé)
Douala III,Brazzaville,Douala (Non précisé)
Non précisé,Non précisé,Douala (Non précisé)
Douala III,Nyalla,Douala 3
Non précisé,Non précisé,Douala (Non précisé)
Douala III,Logbaba,Douala 3
Douala V,Bangue,Douala (Non précisé)
Douala III,Logbaba,Douala 3
Non précisé,Non précisé,Non précisé
Douala V,Bonamoussadi,Douala (Non précisé)
Douala V,Beedi,Douala 3
Non précisé,Non précisé,Douala 5
Non précisé,Non précisé,Douala (Non précisé)
Douala V,Bonabeyike,Douala 4
Douala V,Logbessou,Douala (Non précisé)
Douala I,Deido,Douala (Non précisé)
Douala II,New Bell,Douala (Non précisé)
Douala II,New Bell,Douala (Non précisé)
Douala I,Deido,Douala (Non précisé)
Douala III,Ndogpassi,Douala 5
Douala III,Boko,Douala 3
Douala V,Logpom,Douala (Non précisé)
Douala III,Nyalla,Douala 3
Douala II,New Bell,Douala (Non précisé)
Douala II,New Bell,Douala (Non précisé)
Douala III,Nyalla,Douala (Non précisé)
Douala III,Logbaba,Douala (Non précisé)
Douala III,Nyalla,Douala 3
Non précisé,Non précisé,Non précisé
Douala III,Ndogpassi,Douala 3
Douala II,Youpwé,Douala 2
Douala II,New Bell,Douala (Non précisé)
Douala II,New Bell,Douala (Non précisé)
Non précisé,Non précisé,Douala (Non précisé)
Non précisé,Non précisé,Douala (Non précisé)
Non précisé,Non précisé,Douala (Non précisé)
Douala V,Logpom,Douala 3
Douala III,Nyalla,Douala (Non précisé)
Non précisé,Non précisé,Non précisé
Douala V,Bonamoussadi,Douala (Non précisé)
Douala V,Bonabeyike,Douala 4
Non précisé,Non précisé,Douala 4
Douala III,Nyalla,Douala 3
Douala III,Yassa,Douala 3
Non précisé,Non précisé,Douala (Non précisé)
Douala III,Pk 10,Douala (Non précisé)
Douala III,Ndogpassi,Douala (Non précisé)
Douala I,Akwa,Douala (Non précisé)
Douala I,Akwa,Douala (Non précisé)
Non précisé,Non précisé,Douala 3
Non précisé,Non précisé,Édéa
Non précisé,Non précisé,Douala 3
Douala III,Pk 10,Douala (Non précisé)
Non précisé,Non précisé,Douala 3
Douala III,Nyalla,Douala 3
Non précisé,Non précisé,Douala (Non précisé)
Douala V,Emene City,Douala (Non précisé)
Douala V,Ndogbong,Douala 3
Douala III,Nyalla,Douala 3
Non précisé,Non précisé,Douala (Non précisé)
Non précisé,Non précisé,Douala (Non précisé)
Douala V,Bonamoussadi,Douala 5
Non précisé,Non précisé,Douala (Non précisé)
Non précisé,Non précisé,Douala (Non précisé)
Douala III,Ndogpassi,Douala 3
Douala III,Japoma,Douala 3
Non précisé,Non précisé,Non précisé
Douala III,Yassa,Douala 3
Non précisé,Non précisé,Douala (Non précisé)
Non précisé,Non précisé,Non précisé
Non précisé,Non précisé,Édéa
Douala III,Pk 11,Douala 5
Non précisé,Non précisé,Douala (Non précisé)
Douala I,Nkongmondo,Douala 1
Douala III,Pk 10,Douala (Non précisé)
Douala V,Cité Sic,Douala (Non précisé)
Douala III,Logbaba,Douala 3
Douala III,Ndogpassi,Douala (Non précisé)
Douala III,Pk 10,Douala (Non précisé)
Non précisé,Non précisé,Douala (Non précisé)
Douala V,Makepe,Douala 5
Douala I,Nkongmondo,Douala 2
Douala III,Pk 10,Douala 5
Non précisé,Non précisé,Douala (Non précisé)
Non précisé,Non précisé,Douala 3
Douala I,Akwa,Douala 1
Douala I,Akwa,Douala 1
Douala I,Bali,Douala 2
Non précisé,Non précisé,Yaoundé
Non précisé,Non précisé,Douala (Non précisé)
Douala I,Ngodi,Douala (Non précisé)
Douala III,Yassa,Douala 3
Douala I,Bonapriso,Douala (Non précisé)
Douala III,Yassa,Douala (Non précisé)
Douala V,Kotto,Douala 5
Douala V,Cité des palmiers,Douala 5
Non précisé,Non précisé,Douala (Non précisé)
Douala III,Japoma,Douala (Non précisé)
Douala I,Akwa,Douala (Non précisé)
Douala I,Akwa,Douala (Non précisé)
Douala III,Nyalla,Douala 3
Douala I,Bali,Douala (Non précisé)
Douala III,Ndogpassi,Douala 3
Douala III,Ndogpassi,Douala 5
Douala I,Deido,Douala 5
Douala III,Bilongue,Douala 3
Douala II,New Bell,Douala 5
Douala II,New Bell,Douala 5
Non précisé,Non précisé,Douala (Non précisé)
Non précisé,Non précisé,Douala (Non précisé)
Douala II,New Bell,Douala (Non précisé)
Douala II,New Bell,Douala (Non précisé)
Non précisé,Non précisé,Douala (Non précisé)
Non précisé,Non précisé,Non précisé
Non précisé,Non précisé,Douala (Non précisé)
Non précisé,Non précisé,Douala (Non précisé)
Non précisé,Non précisé,Douala 5
Douala III,Nyalla,Douala 3
Douala V,Kotto,Douala 5
Douala III,Pk 9,Douala 5
Douala I,Nkongmondo,Douala (Non précisé)
Douala V,Logpom,Douala 5
Non précisé,Non précisé,Douala 5
Douala I,Grand Moulin,Douala 4
Non précisé,Non précisé,Douala (Non précisé)
Non précisé,Non précisé,Yaoundé
Non précisé,Non précisé,Douala (Non précisé)
Douala I,Bessengue,Douala (Non précisé)
Douala III,Logbaba,Douala (Non précisé)
Douala III,Ndogpassi,Douala (Non précisé)
Non précisé,Non précisé,Douala 3
Non précisé,Non précisé,Douala (Non précisé)
Douala III,Pk 9,Douala (Non précisé)
Non précisé,Non précisé,Douala (Non précisé)
Douala III,Ndogpassi,Douala (Non précisé)
Non précisé,Non précisé,Douala 3
Douala V,Cité Sic,Douala 3
Douala III,Pk 9,Douala 5
Douala I,Bessengue,Douala (Non précisé)
Douala III,Nyalla,Douala (Non précisé)
Douala I,Nkongmondo,Douala (Non précisé)
Douala III,Yassa,Douala 3
Douala V,Makepe,Douala 5
Non précisé,Non précisé,Douala 5
Non précisé,Non précisé,Douala (Non précisé)
Non précisé,Non précisé,Douala 3
Douala III,Ndogpassi,Douala (Non précisé)
Non précisé,Non précisé,Douala (Non précisé)
Douala V,Bonabeyike,Douala 4
Douala III,Bilongue,Douala (Non précisé)
Douala III,Pk 10,Douala 5
Non précisé,Non précisé,Douala 3
Non précisé,Non précisé,Douala 4
Douala I,Bali,Douala 2
Non précisé,Non précisé,Douala (Non précisé)
Douala I,Bali,Douala (Non précisé)
Non précisé,Non précisé,Yaoundé
Douala V,Ndogbong,Douala (Non précisé)
Douala V,Malangue,Douala 3
Non précisé,Non précisé,Douala (Non précisé)
Douala I,Deido,Douala 1
Douala II,New Bell,Douala 2
Douala II,New Bell,Douala 2
Douala I,Bonadibong,Douala (Non précisé)
Non précisé,Non précisé,Douala 5
Douala III,Bilongue,Douala 3
Douala I,Akwa,Douala (Non précisé)
Douala I,Akwa,Douala (Non précisé)
Douala I,Nkongmondo,Douala (Non précisé)
Non précisé,Non précisé,Douala (Non précisé)
Douala I,Bessengue,Douala 5
Douala III,Yassa,Douala (Non précisé)
Douala III,Japoma,Douala 3
Douala III,Pk 11,Douala 5
Douala V,Cité des palmiers,Douala 5
Douala V,Bonamoussadi,Douala (Non précisé)
Non précisé,Non précisé,Douala 4
Douala III,Yassa,Douala 3
Non précisé,Non précisé,Douala (Non précisé)
Non précisé,Non précisé,Douala (Non précisé)
Non précisé,Non précisé,Douala 2
Non précisé,Non précisé,Douala (Non précisé)
Douala III,Boko,Douala (Non précisé)
Non précisé,Non précisé,Douala 3
Non précisé,Non précisé,Douala 4
Douala V,Bonabeyike,Douala 4
Douala V,Bepanda,Douala (Non précisé)
Douala V,Bonamoussadi,Douala 5
Douala III,Oyack,Oyack
Douala III,Ndogpassi,Douala 3
Douala III,Ndogpassi,Douala 3
Non précisé,Non précisé,Douala (Non précisé)
Douala II,New Bell,Douala 2
Douala II,New Bell,Douala 2
Douala III,Nyalla,Douala 3
Non précisé,Non précisé,Douala (Non précisé)
Douala III,Yassa,Douala 3
Douala III,Ndogpassi,Douala (Non précisé)
Non précisé,Non précisé,Douala (Non précisé)
Non précisé,Non précisé,Douala (Non précisé)
Non précisé,Non précisé,Douala (Non précisé)
Douala III,Ndogpassi,Douala (Non précisé)
Non précisé,Non précisé,Douala (Non précisé)
Douala I,Bonapriso,Douala (Non précisé)
Non précisé,Non précisé,Douala (Non précisé)
Non précisé,Non précisé,Douala (Non précisé)
Non précisé,Non précisé,Douala (Non précisé)
Non précisé,Non précisé,Douala (Non précisé)
Non précisé,Non précisé,Douala (Non précisé)
Douala III,Ndogpassi,Douala 3
Douala III,Ndogpassi,Douala 3
Non précisé,Non précisé,Douala 5
Non précisé,Non précisé,Douala 5
Douala V,Kotto,Douala (Non précisé)
Douala I,Deido,Douala 1
Non précisé,Non précisé,Douala (Non précisé)
Non précisé,Non précisé,Douala (Non précisé)
Douala III,Boko,Douala (Non précisé)
Non précisé,Non précisé,Douala 4
Non précisé,Non précisé,Douala 4
Non précisé,Non précisé,Yaoundé
Non précisé,Non précisé,Douala (Non précisé)
Douala II,New Bell,Douala (Non précisé)
Douala II,New Bell,Douala (Non précisé)
Douala V,Logpom,Douala (Non précisé)
Douala III,Ndogpassi,Douala 3
Douala V,Logpom,Douala 5
Douala III,Ndogpassi,Douala 3
Douala III,Bilongue,Douala (Non précisé)
Non précisé,Non précisé,Douala (Non précisé)
Non précisé,Non précisé,Non précisé
Douala III,Yassa,Douala 3
Non précisé,Non précisé,Douala 5
Douala III,Ndogpassi,Douala (Non précisé)
Douala V,Ndogbong,Douala 5
Douala I,Ngodi,Douala (Non précisé)
Douala V,Bonamoussadi,Douala (Non précisé)
Non précisé,Non précisé,Douala (Non précisé)
Douala III,Ndogpassi,Douala (Non précisé)
Douala I,Deido,Douala (Non précisé)
Non précisé,Non précisé,Douala 4
Non précisé,Non précisé,Douala (Non précisé)
Non précisé,Non précisé,Douala (Non précisé)
Douala I,Bonapriso,Douala (Non précisé)
Douala I,Bali,Douala (Non précisé)
Douala I,Bali,Douala (Non précisé)
Douala V,Beedi,Douala 5
Douala III,Yassa,Douala 3
Non précisé,Non précisé,Manjo
Non précisé,Non précisé,Douala (Non précisé)
Douala II,New Bell,Douala 2
Douala II,New Bell,Douala 2
Douala I,Deido,Douala 5
Non précisé,Non précisé,Douala 3
Douala III,Pk 10,Douala (Non précisé)
Douala I,Bali,Douala 1
Douala III,Nyalla,Douala 3
Douala III,Yassa,Douala 3
Douala I,Akwa Nord,Douala 5
Douala I,Bonateki,Douala 1
Non précisé,Non précisé,Douala (Non précisé)
Douala V,Ndogbong,Douala 5
Douala V,Kotto,Douala 5
Douala III,Nyalla,Douala 3
Douala I,Bali,Douala (Non précisé)
Non précisé,Non précisé,Douala 6
Douala V,Cité des palmiers,Douala 5
Non précisé,Non précisé,Douala (Non précisé)
Douala V,Malangue,Douala 3
Douala V,Malangue,Douala 3
Douala I,Deido,Douala 1
Non précisé,Non précisé,Douala 3
Non précisé,Non précisé,Douala (Non précisé)
Douala I,Bessengue,Douala 1
Douala V,Ndogbong,Douala (Non précisé)
Non précisé,Non précisé,Douala (Non précisé)
Non précisé,Non précisé,Douala (Non précisé)
Douala I,Bonateki,Douala 1
Douala III,Ndogpassi,Douala 3
Non précisé,Non précisé,Douala (Non précisé)
Douala III,Yassa,Douala 3
Douala V,Bepanda,Douala 5
Douala II,New Bell,Douala 2
Douala II,New Bell,Douala 2
Douala III,Brazzaville,Douala (Non précisé)
Douala III,Brazzaville,Douala (Non précisé)
Douala I,Ngodi,Douala (Non précisé)
Douala III,Logbaba,Douala (Non précisé)
Douala III,Ndokoti,Douala 3
Douala II,New Bell,Douala 2
Douala II,New Bell,Douala 2
Douala III,Oyack,Douala (Non précisé)
Douala II,New Bell,Douala 2
Douala II,New Bell,Douala 2
Non précisé,Non précisé,Douala (Non précisé)
Douala III,Boko,Douala (Non précisé)
Non précisé,Non précisé,Douala (Non précisé)
Douala III,Ndogpassi,Douala 3
Douala III,Nyalla,Douala 3
Non précisé,Non précisé,Douala (Non précisé)
Douala III,Boko,Douala (Non précisé)
Douala V,Bepanda,Douala (Non précisé)
Douala III,Nyalla,Douala (Non précisé)
Non précisé,Non précisé,Douala (Non précisé)
Douala V,Kotto,Douala 5
Non précisé,Non précisé,Douala 3
Douala V,Makepe,Douala 5
Non précisé,Non précisé,Non précisé
Non précisé,Non précisé,Douala 3
Douala V,Cité des palmiers,Douala (Non précisé)
Non précisé,Non précisé,Douala (Non précisé)
Non précisé,Non précisé,Non précisé
Non précisé,Non précisé,Douala (Non précisé)
Non précisé,Non précisé,Douala (Non précisé)
Non précisé,Non précisé,Tiko
Douala III,Yassa,Douala 3
Non précisé,Non précisé,Douala 3
Non précisé,Non précisé,Douala (Non précisé)
Douala I,Bessengue,Douala 5
Non précisé,Non précisé,Non précisé
Douala V,Bepanda,Douala (Non précisé)
Non précisé,Non précisé,Douala (Non précisé)
Non précisé,Non précisé,Douala (Non précisé)
Douala IV,Ndobo,Douala 4
Douala III,Boko,Douala (Non précisé)
Non précisé,Non précisé,Douala 5
Non précisé,Non précisé,Douala (Non précisé)
Non précisé,Non précisé,Douala 5
Non précisé,Non précisé,Non précisé
Non précisé,Non précisé,Douala (Non précisé)
Douala V,Makepe,Douala (Non précisé)
Non précisé,Non précisé,Bafoussam
Non précisé,Non précisé,Douala (Non précisé)
Non précisé,Non précisé,Douala 2
Douala V,Bonamoussadi,Douala (Non précisé)
Non précisé,Non précisé,Douala (Non précisé)
Douala III,Logbaba,Douala 3
Douala III,Logbaba,Douala 3
Douala I,Bali,Douala 1
Douala III,Japoma,Douala (Non précisé)
Non précisé,Non précisé,Douala (Non précisé)
Douala V,Logbessou,Douala (Non précisé)
Non précisé,Non précisé,Douala 4
Non précisé,Non précisé,Douala 5
Douala I,Deido,Douala 1
Non précisé,Non précisé,Douala (Non précisé)
Douala III,Brazzaville,Douala (Non précisé)
Douala III,Brazzaville,Douala (Non précisé)
Non précisé,Non précisé,Douala (Non précisé)
Douala III,Ndogpassi,Douala (Non précisé)
Douala V,Bonabeyike,Douala 4
Non précisé,Non précisé,Douala (Non précisé)
Douala V,Cité des palmiers,Douala (Non précisé)
Douala II,Aéroport,Douala (Non précisé)
Douala III,Pk 11,Douala (Non précisé)
Douala II,Youpwé,Douala 2
Douala III,Nyalla,Douala 3
Non précisé,Non précisé,Douala 3
Douala V,Bonamoussadi,Douala (Non précisé)
Douala I,Nkongmondo,Douala 2
Douala III,Pk 10,Douala 5
Douala V,Cité des palmiers,Douala (Non précisé)
Non précisé,Non précisé,Douala (Non précisé)
Douala I,Deido,Douala (Non précisé)
Douala III,Oyack,Douala (Non précisé)
Douala III,Nyalla,Douala 3
Non précisé,Non précisé,Douala (Non précisé)
Douala III,Nyalla,Douala (Non précisé)
Non précisé,Non précisé,Douala (Non précisé)
Douala III,Logbaba,Douala (Non précisé)
Douala V,Makepe,Douala 5
Douala III,Japoma,Douala (Non précisé)
Douala III,Japoma,Douala (Non précisé)
Douala III,Japoma,Douala 3
Non précisé,Non précisé,Non précisé
Non précisé,Non précisé,Non précisé
Non précisé,Non précisé,Douala (Non précisé)
Douala I,Deido,Douala (Non précisé)
Non précisé,Non précisé,Non précisé
Non précisé,Non précisé,Douala (Non précisé)
Non précisé,Non précisé,Douala (Non précisé)
Douala I,Ngodi,Douala (Non précisé)
Douala V,Bonamoussadi,Douala 5
Douala III,Ndogpassi,Douala (Non précisé)
Douala I,Bonakouamouang,Douala 2
Non précisé,Non précisé,Douala (Non précisé)
Non précisé,Non précisé,Douala (Non précisé)
Non précisé,Non précisé,Douala (Non précisé)
Douala I,Deido,Douala 1
Non précisé,Non précisé,Yaoundé
Non précisé,Non précisé,Douala (Non précisé)
Douala III,Pk 11,Douala (Non précisé)
Non précisé,Non précisé,Douala (Non précisé)
Douala III,Yassa,Douala 3
Douala I,Bonanjo,Douala 1
Douala III,Nyalla,Douala 3
Non précisé,Non précisé,Douala 3
Non précisé,Non précisé,Douala 3
Non précisé,Non précisé,Douala (Non précisé)
Non précisé,Non précisé,Douala (Non précisé)
Non précisé,Non précisé,Douala (Non précisé)
Non précisé,Non précisé,Douala (Non précisé)
Douala III,Logbaba,Douala 3
Douala III,Nyalla,Douala 3
Douala III,Cité Berge,Douala (Non précisé)
Douala V,Ange Raphaël,Douala (Non précisé)
Non précisé,Non précisé,Douala 3
Douala III,Pk 10,Douala 5
Non précisé,Non précisé,Non précisé
Non précisé,Non précisé,Douala (Non précisé)
Douala III,Logbaba,Douala 3
Douala V,Cité des palmiers,Douala (Non précisé)
Douala I,Akwa,Douala 1
Douala I,Akwa,Douala 1
Non précisé,Non précisé,Douala (Non précisé)
Non précisé,Non précisé,Douala (Non précisé)
Non précisé,Non précisé,Douala 2
Non précisé,Non précisé,Douala (Non précisé)
Non précisé,Non précisé,Douala 4
Douala IV,Bonandale,Douala 5
Douala III,Ndokoti,Douala (Non précisé)
Douala I,Bessengue,Douala 1
Douala III,Japoma,Douala 3
Douala III,Japoma,Douala (Non précisé)
Non précisé,Non précisé,Douala (Non précisé)
Non précisé,Non précisé,Douala (Non précisé)
Douala III,Yassa,Douala (Non précisé)
Douala V,Beedi,Douala 5
Douala V,Bepanda,Douala (Non précisé)
Douala I,Deido,Douala (Non précisé)
Douala III,Yassa,Douala 3
Douala V,Bonamoussadi,Douala 5
Douala II,New Bell,Douala (Non précisé)
Douala II,New Bell,Douala (Non précisé)
Douala III,Nyalla,Douala (Non précisé)
Douala III,Ndogpassi,Douala (Non précisé)
Douala III,Yassa,Douala 3
Non précisé,Non précisé,Douala (Non précisé)
Douala I,Deido,Douala 1
Douala V,Ndogbong,Douala (Non précisé)
Non précisé,Non précisé,Douala (Non précisé)
Douala V,Bonamoussadi,Douala (Non précisé)
Douala III,Nyalla,Douala 3
Douala V,Ndogbong,Douala (Non précisé)
Douala I,Ngodi,Douala (Non précisé)
Non précisé,Non précisé,Douala (Non précisé)
Non précisé,Non précisé,Douala (Non précisé)
Douala I,Ngodi,Douala 3
Douala III,Yassa,Douala (Non précisé)
Non précisé,Non précisé,Douala (Non précisé)
Non précisé,Non précisé,Douala (Non précisé)
Douala III,Ndogpassi,Douala (Non précisé)
Douala III,Japoma,Douala (Non précisé)
Douala I,Bonapriso,Douala (Non précisé)
Non précisé,Non précisé,Douala 3
Non précisé,Non précisé,Douala (Non précisé)
Non précisé,Non précisé,Douala (Non précisé)
Douala II,New Bell,Douala (Non précisé)
Douala II,New Bell,Douala (Non précisé)
Douala II,New Bell,Douala (Non précisé)
Douala II,New Bell,Douala (Non précisé)
Douala V,Bonamoussadi,Douala 5
Douala III,Boko,Douala 3
Douala I,Akwa,Douala 1
Douala I,Akwa,Douala 1
Douala V,Ndogbong,Douala (Non précisé)
Douala V,Bonamoussadi,Douala 5
Non précisé,Non précisé,Douala (Non précisé)
Douala V,Bepanda,Douala (Non précisé)
Douala III,Ndogpassi,Douala 3
Non précisé,Non précisé,Douala (Non précisé)
Non précisé,Non précisé,Douala (Non précisé)
Douala III,Ndogpassi,Douala (Non précisé)
Douala III,Pk 11,Douala (Non précisé)
Douala II,New Bell,Douala 2
Douala II,New Bell,Douala 2
Non précisé,Non précisé,Douala 3
Douala V,Logbessou,Douala (Non précisé)
Non précisé,Non précisé,Douala 3
Douala III,Pk 10,Douala (Non précisé)
Non précisé,Non précisé,Douala (Non précisé)
Douala V,Makepe,Douala 5
Non précisé,Non précisé,Douala 5
Douala III,Brazzaville,Douala 3
Douala III,Brazzaville,Douala 3
Douala I,Deido,Douala 1
Non précisé,Non précisé,Non précisé
Non précisé,Non précisé,Douala (Non précisé)
Douala III,Ndogpassi,Douala 3
Douala III,Nyalla,Douala 3
Douala III,Boko,Douala (Non précisé)
Douala III,Bilongue,Douala 3
Non précisé,Non précisé,Douala 4
Non précisé,Non précisé,Douala (Non précisé)
Douala V,Logpom,Douala 5
Douala V,Kotto,Douala (Non précisé)
Non précisé,Non précisé,Douala (Non précisé)
Douala III,Nyalla,Douala 3
Douala V,Makepe,Douala (Non précisé)
Douala III,Yassa,Douala 3
Non précisé,Non précisé,Douala 3
Douala III,Pk 10,Douala (Non précisé)
Non précisé,Non précisé,Douala (Non précisé)
Non précisé,Non précisé,Douala (Non précisé)
Non précisé,Non précisé,Douala (Non précisé)
Non précisé,Non précisé,Douala (Non précisé)
Douala III,Boko,Douala (Non précisé)
Non précisé,Non précisé,Douala (Non précisé)
Non précisé,Non précisé,Douala (Non précisé)
Douala III,Brazzaville,Douala 3
Douala III,Brazzaville,Douala 3
Douala III,Ndogpassi,Douala 3
Douala II,New Bell,Douala 2
Douala II,New Bell,Douala 2
Douala III,Boko,Douala 3
Douala V,Beedi,Douala (Non précisé)
Non précisé,Non précisé,Douala (Non précisé)
Douala III,Pk 10,Douala 3
Non précisé,Non précisé,Douala (Non précisé)
Douala V,Bonamoussadi,Douala 5
Douala III,Boko,Douala 3
Non précisé,Non précisé,Douala (Non précisé)
Douala III,Yassa,Douala 3
Douala V,Ndogbong,Douala (Non précisé)
Douala III,Nyalla,Douala (Non précisé)
Douala III,Bonanloka,Douala (Non précisé)
Non précisé,Non précisé,Douala 3
Non précisé,Non précisé,Douala (Non précisé)
Non précisé,Non précisé,Douala 3
Douala V,Ndogbong,Douala (Non précisé)
Non précisé,Non précisé,Douala 5
Non précisé,Non précisé,Douala (Non précisé)
Douala III,Yassa,Douala 3
Douala V,Ndogbong,Douala (Non précisé)
Douala V,Bonamoussadi,Douala 5
Non précisé,Non précisé,Douala (Non précisé)
Non précisé,Non précisé,Douala 3
Douala II,Ngangue,Douala 5
Douala III,Pk 11,Douala 5
Douala III,Japoma,Douala 3
Douala II,New Bell,Douala 2
Douala II,New Bell,Douala 2
Non précisé,Non précisé,Douala 2
Douala III,Boko,Boko
Douala V,Bonamoussadi,Douala 5
Non précisé,Non précisé,Douala (Non précisé)
Douala III,Bilongue,Douala 3
Non précisé,Non précisé,Douala (Non précisé)
Non précisé,Non précisé,Douala (Non précisé)
Non précisé,Non précisé,Kribi
Douala V,Makepe,Douala 5
Douala III,Ndogpassi,Douala (Non précisé)
Douala III,Ndogpassi,Douala 3
Non précisé,Non précisé,Douala (Non précisé)
Douala V,Bonamoussadi,Douala (Non précisé)
Douala III,Ndogsimbi,Douala (Non précisé)
Douala V,Ndogsimbi,Douala (Non précisé)
Douala I,Bonapriso,Douala (Non précisé)
Non précisé,Non précisé,Douala (Non précisé)
Non précisé,Non précisé,Douala (Non précisé)
Douala V,Ndogbong,Douala 5
Douala III,Ndokoti,Douala (Non précisé)
Non précisé,Non précisé,Douala 3
Non précisé,Non précisé,Douala (Non précisé)
Non précisé,Non précisé,Douala (Non précisé)
Douala II,New Bell,Douala 2
Douala II,New Bell,Douala 2
Douala V,Bonabeyike,Douala 4
Douala III,Logbaba,Douala 3
Non précisé,Non précisé,Douala 1
Douala III,Logbaba,Douala 3
Douala III,Ndogpassi,Douala 3
Douala III,Brazzaville,Douala (Non précisé)
Douala III,Brazzaville,Douala (Non précisé)
Non précisé,Non précisé,Douala (Non précisé)
Non précisé,Non précisé,Douala (Non précisé)
Douala III,Dibom,Douala 4
Douala III,Bilongue,Douala (Non précisé)
Douala V,Beedi,Douala 3
Non précisé,Non précisé,Douala (Non précisé)
Non précisé,Non précisé,Douala 5
Douala V,Bonamoussadi,Douala 1
Douala I,Ngodi,Douala (Non précisé)
Non précisé,Non précisé,Douala (Non précisé)
Non précisé,Non précisé,Douala 3
Douala III,Yassa,Douala (Non précisé)
Douala I,Deido,Douala 1
Non précisé,Non précisé,Douala (Non précisé)
Non précisé,Non précisé,Douala (Non précisé)
Douala III,Pk 9,Douala 5
Douala III,Nyalla,Douala 3
Douala III,Nyalla,Douala 3
Douala V,Cité des palmiers,Douala (Non précisé)
Douala V,Bepanda,Douala (Non précisé)
Douala V,Bepanda,Douala (Non précisé)
Douala II,New Bell,Douala 2
Douala II,New Bell,Douala 2
Douala I,Bali,Douala (Non précisé)
Douala II,New Bell,Douala 2
Douala II,New Bell,Douala 2
Non précisé,Non précisé,Douala (Non précisé)
Douala I,Nkongmondo,Douala 2
Non précisé,Non précisé,Douala (Non précisé)
Non précisé,Non précisé,Douala 3
Douala II,New Bell,Douala (Non précisé)
Douala II,New Bell,Douala (Non précisé)
Douala I,Nkongmondo,Douala 2
Douala V,Bonamoussadi,Douala 5
Douala III,Cité Berge,Douala (Non précisé)
Douala III,Pk 10,Douala 5
Non précisé,Non précisé,Douala 5
Non précisé,Non précisé,Douala (Non précisé)
Douala I,Akwa,Douala 1
Douala I,Akwa,Douala 1
Douala V,Bepanda,Douala 5
Douala V,Bonabeyike,Douala 4
Douala I,Deido,Douala 1
Douala III,Ndokoti,Douala 3
Non précisé,Non précisé,Douala (Non précisé)
Douala III,Brazzaville,Douala 3
Douala III,Brazzaville,Douala 3
Douala III,Ndogpassi,Douala 5
Non précisé,Non précisé,Douala (Non précisé)
Douala I,Ngodi,Douala 3
Non précisé,Non précisé,Douala 5
Non précisé,Non précisé,Douala (Non précisé)
Douala III,Boko,Douala (Non précisé)
Douala III,Ndogpassi,Douala 3
Non précisé,Non précisé,Douala (Non précisé)
Douala III,Ndogpassi,Douala (Non précisé)
Douala V,Bepanda,Douala (Non précisé)
Non précisé,Non précisé,Douala (Non précisé)
Douala III,Bilongue,Douala 3
Douala I,Deido,Douala 1
Douala III,Yassa,Douala 3
Non précisé,Non précisé,Douala (Non précisé)
Non précisé,Non précisé,Kribi
Douala III,Bilongue,Douala (Non précisé)
Douala III,Pk 10,Douala (Non précisé)
Non précisé,Non précisé,Douala 4
Non précisé,Non précisé,Douala (Non précisé)
Douala V,Bonamoussadi,Douala 5
Douala II,New Bell,Douala 2
Douala II,New Bell,Douala 2
Douala V,Bonamoussadi,Douala 5
Non précisé,Non précisé,Douala (Non précisé)
Douala V,Ndogbong,Douala 3
Douala I,Bali,Douala 1
Non précisé,Non précisé,Douala (Non précisé)
Non précisé,Non précisé,Douala 4
Non précisé,Non précisé,Douala (Non précisé)
Non précisé,Non précisé,Douala 2
Non précisé,Non précisé,Douala (Non précisé)
Douala V,Bonamoussadi,Douala (Non précisé)
Douala III,Ndogpassi,Douala (Non précisé)
Douala V,Bepanda,Douala (Non précisé)
Non précisé,Non précisé,Douala (Non précisé)
Douala V,Logbessou,Douala 5
Douala V,Bonabeyike,Douala 4
Douala III,Ndogpassi,Douala (Non précisé)
Non précisé,Non précisé,Douala 3
Douala III,Yassa,Douala 3
Douala V,Logpom,Douala 5
Douala V,Bepanda,Douala (Non précisé)
Douala V,Logpom,Douala 5
Non précisé,Non précisé,Douala (Non précisé)
Douala I,Bonapriso,Douala (Non précisé)
Douala III,Brazzaville,Douala (Non précisé)
Douala III,Brazzaville,Douala (Non précisé)
Douala V,Bepanda,Douala (Non précisé)
Non précisé,Non précisé,Douala (Non précisé)
Douala III,Logbaba,Douala (Non précisé)
Non précisé,Non précisé,Douala (Non précisé)
Non précisé,Non précisé,Douala (Non précisé)
Douala III,Ndogpassi,Douala 3
Non précisé,Non précisé,Douala (Non précisé)
Douala III,Yassa,Douala (Non précisé)
Douala II,New Bell,Douala 5
Douala II,New Bell,Douala 5
Non précisé,Non précisé,Douala (Non précisé)
Douala III,Yassa,Douala 3
Non précisé,Non précisé,Douala (Non précisé)
Non précisé,Non précisé,Douala (Non précisé)
Non précisé,Non précisé,Douala (Non précisé)
Douala V,Ndogbong,Douala (Non précisé)
Non précisé,Non précisé,Douala (Non précisé)
Non précisé,Non précisé,Douala (Non précisé)
Douala V,Bepanda,Douala (Non précisé)
Non précisé,Non précisé,Douala (Non précisé)
Non précisé,Non précisé,Douala (Non précisé)
Douala III,Cité de la Paix,Douala (Non précisé)
Douala III,Boko,Douala (Non précisé)
Non précisé,Non précisé,Douala 5
Non précisé,Non précisé,Douala (Non précisé)
Douala I,Bonapriso,Douala 2
Douala V,Bepanda,Douala (Non précisé)
Douala V,Malangue,Douala (Non précisé)
Non précisé,Non précisé,Douala 5
Douala V,Makepe,Douala (Non précisé)
Douala V,Bonamoussadi,Douala 1
Non précisé,Non précisé,Douala (Non précisé)
Douala I,Ngodi,Douala (Non précisé)
Non précisé,Non précisé,Douala (Non précisé)
Non précisé,Non précisé,Douala 3
Non précisé,Non précisé,Douala (Non précisé)
Douala II,New Bell,Douala 2
Douala II,New Bell,Douala 2
Non précisé,Non précisé,Douala (Non précisé)
Douala III,Mbanga Bakoko,Douala (Non précisé)
Non précisé,Non précisé,Douala 5
Non précisé,Non précisé,Douala (Non précisé)
Douala V,Beedi,Douala (Non précisé)
Douala V,Logbessou,Douala 5
Non précisé,Non précisé,Douala (Non précisé)
Non précisé,Non précisé,Douala 6
Non précisé,Non précisé,Douala 3
Non précisé,Non précisé,Douala (Non précisé)
Douala III,Oyack,Douala 3
Douala I,Akwa,Douala 1
Douala I,Akwa,Douala 1
Douala III,Ndogpassi,Douala (Non précisé)
Douala III,Nyalla,Douala (Non précisé)
Douala V,Bepanda,Douala (Non précisé)
Douala III,Oyack,Douala (Non précisé)
Non précisé,Non précisé,Douala (Non précisé)
Non précisé,Non précisé,Douala 3
Douala I,Ngodi,Douala 3
Douala III,Bilongue,Douala 5
Douala V,Mbengue City,Douala (Non précisé)
Douala III,Pk 11,Douala (Non précisé)
Non précisé,Non précisé,Ouest
Douala I,Deido,Douala 1
Douala I,Bonapriso,Douala (Non précisé)
Douala V,Cité des palmiers,Douala 5
Douala I,Bonapriso,Douala (Non précisé)
Douala III,Ndogpassi,Douala 3
Douala I,Deido,Douala 1
Douala III,Logbaba,Douala 3
Douala II,New Bell,Douala 2
Douala II,New Bell,Douala 2
Non précisé,Non précisé,Douala (Non précisé)
Non précisé,Non précisé,Douala (Non précisé)
Douala V,Cité des palmiers,Douala (Non précisé)
Douala V,Cité des palmiers,Douala 5
Douala III,Yassa,Douala 3
Non précisé,Non précisé,Douala (Non précisé)
Non précisé,Non précisé,Douala 3
Douala II,New Bell,Douala 2
Douala II,New Bell,Douala 2
Douala I,Akwa,Douala 1
Douala I,Akwa,Douala 1
Non précisé,Non précisé,Douala (Non précisé)
Douala I,Bessengue,Douala 1
Douala III,So-Boum,Non précisé
Non précisé,Non précisé,Douala 2
Douala III,Pk 17,Douala (Non précisé)
Douala III,Song-Mahop,Douala (Non précisé)
Douala V,Bonamoussadi,Douala 1
Non précisé,Non précisé,Douala (Non précisé)
Non précisé,Non précisé,Douala 4
Non précisé,Non précisé,Njombé
Douala V,Cité Sic,Douala 5
Non précisé,Non précisé,Meiganga
Douala III,Ndogpassi,Douala 3
Douala III,Ndogpassi,Douala 3
Douala V,Makepe,Douala 5
Douala II,New Bell,Douala 2
Douala II,New Bell,Douala 2
Douala III,Nyalla,Douala 3
Non précisé,Non précisé,Douala (Non précisé)
Douala V,Makepe,Douala (Non précisé)
Douala III,Ndogpassi,Douala 3
Douala III,Ndogpassi,Douala (Non précisé)
Douala V,Makepe,Douala 5
Douala III,Yassa,Douala (Non précisé)
Non précisé,Non précisé,Douala (Non précisé)
Non précisé,Non précisé,Douala (Non précisé)
Douala I,Ngodi,Douala (Non précisé)
Non précisé,Non précisé,Douala (Non précisé)
Non précisé,Non précisé,Non précisé
Douala IV,Bonambappe,Douala 4
Douala V,Makepe,Douala (Non précisé)
Non précisé,Non précisé,Douala (Non précisé)
Douala V,Makepe,Douala (Non précisé)
Douala V,Bangue,Douala (Non précisé)
Douala II,New Bell,Douala (Non précisé)
Douala II,New Bell,Douala (Non précisé)
Non précisé,Non précisé,Douala (Non précisé)
Douala III,Ndogpassi,Douala 3
Non précisé,Non précisé,Douala 3
Non précisé,Non précisé,Douala (Non précisé)
Douala V,Makepe,Douala 5
Douala III,Cité de la Paix,Douala 3
Douala I,Deido,Douala (Non précisé)
Douala III,Yassa,Douala (Non précisé)
Douala III,Ndogpassi,Douala (Non précisé)
Douala III,Cité de la Paix,Douala (Non précisé)
Non précisé,Non précisé,Douala (Non précisé)
Douala II,New Bell,Douala (Non précisé)
Douala II,New Bell,Douala (Non précisé)
Douala III,Nyalla,Douala 3
Non précisé,Non précisé,Douala (Non précisé)
Douala V,Makepe,Douala 5
Non précisé,Non précisé,Douala (Non précisé)
Douala III,Yassa,Douala (Non précisé)
Douala III,Yassa,Douala 3
Douala I,Ngodi,Douala 2
Non précisé,Non précisé,Douala (Non précisé)
Douala V,Cité Sic,Douala 5
Douala III,Nyalla,Douala 3
Non précisé,Non précisé,Douala (Non précisé)
Douala III,Logbaba,Douala 3
Douala V,Cité des palmiers,Douala 3
Douala V,Cité des palmiers,Douala 5
Douala V,Cité Sic,Douala (Non précisé)
Douala III,Pk 10,Douala (Non précisé)
Non précisé,Non précisé,Douala (Non précisé)
Douala IV,Bonaminkano,Douala 4
Non précisé,Non précisé,Douala (Non précisé)
Douala V,Kotto,Douala 5
Douala I,Deido,Douala 1
Douala III,Ndogpassi,Douala 3
Non précisé,Non précisé,Douala (Non précisé)
Douala I,Deido,Douala 1
Non précisé,Non précisé,Douala 4
Non précisé,Non précisé,Douala 3
Douala II,New Bell,Douala 2
Douala II,New Bell,Douala 2
Non précisé,Non précisé,Douala 3
Non précisé,Non précisé,Douala (Non précisé)
Douala III,Boko,Douala 3
Non précisé,Non précisé,Douala (Non précisé)
Douala V,Makepe,Douala 5
Douala III,Boko,Douala (Non précisé)
Non précisé,Non précisé,Douala (Non précisé)
Douala V,Beedi,Douala (Non précisé)
Douala III,Nyalla,Douala (Non précisé)
Non précisé,Non précisé,Édéa
Douala III,Logbaba,Douala 3
Douala III,Ndokoti,Douala (Non précisé)
Douala III,Ndokoti,Douala (Non précisé)
Non précisé,Non précisé,Douala (Non précisé)
Douala III,Logbaba,Douala 3
Douala I,Bali,Douala (Non précisé)
Douala III,Brazzaville,Douala (Non précisé)
Douala III,Brazzaville,Douala (Non précisé)
Douala V,Logbessou,Douala 5
Douala III,Cité de la Paix,Douala (Non précisé)
Douala II,New Bell,Douala (Non précisé)
Douala II,New Bell,Douala (Non précisé)
Non précisé,Non précisé,Nkouabang
Non précisé,Non précisé,Douala 3
Douala III,Pk 9,Douala 3
Douala III,Pk 10,Douala (Non précisé)
Non précisé,Non précisé,Douala (Non précisé)
Douala V,Bonamoussadi,Douala (Non précisé)
Douala I,Bali,Douala (Non précisé)
Non précisé,Non précisé,Douala (Non précisé)
Douala III,Pk 10,Douala 3
Non précisé,Non précisé,Douala (Non précisé)
Douala III,Logbaba,Douala 3
Douala III,Logbaba,Douala 3
Douala V,Bonamoussadi,Douala 5
Douala V,Cité des palmiers,Douala 3
Douala II,New Bell,Douala (Non précisé)
Douala II,New Bell,Douala (Non précisé)
Non précisé,Non précisé,Douala (Non précisé)
Douala III,Pk 11,Douala 5
Douala V,Beedi,Douala 4
Douala I,Akwa,Douala 1
Douala I,Akwa,Douala 1
Non précisé,Non précisé,Douala (Non précisé)
Non précisé,Non précisé,Douala 3
Douala III,Cité Berge,Douala 3
Non précisé,Non précisé,Douala 3
Douala II,New Bell,Douala 2
Douala II,New Bell,Douala 2
Non précisé,Non précisé,Édéa
Non précisé,Non précisé,Douala (Non précisé)
Douala III,Logbaba,Douala 3
Non précisé,Non précisé,Douala (Non précisé)
Douala I,Akwa Nord,Douala 1
Non précisé,Non précisé,Douala 3
Douala V,Ndogbong,Douala (Non précisé)
Non précisé,Non précisé,Douala 4
Douala III,Pk 10,Douala 5
Non précisé,Non précisé,Douala (Non précisé)
Douala IV,Ndobo,Douala 5
Douala III,Bonanloka,Douala 3
Non précisé,Non précisé,Douala (Non précisé)
Non précisé,Non précisé,Douala (Non précisé)
Non précisé,Non précisé,Douala (Non précisé)
Douala III,Pk 10,Douala (Non précisé)
Douala V,Bepanda,Douala (Non précisé)
Non précisé,Non précisé,Douala (Non précisé)
Douala V,Logbessou,Douala (Non précisé)
Douala III,Ndogpassi,Douala 3
Douala IV,Ndobo,Douala 5
Douala V,Beedi,Douala (Non précisé)
Non précisé,Non précisé,Douala (Non précisé)
Non précisé,Non précisé,Douala (Non précisé)
Douala III,Nyalla,Douala (Non précisé)
Non précisé,Non précisé,Douala (Non précisé)
Douala III,Nyalla,Douala 3
Douala III,Nyalla,Douala 3
Douala III,Boko,Douala (Non précisé)
Douala III,Boko,Douala (Non précisé)
Douala III,Boko,Douala 3
Douala III,Ndogpassi,Douala 3
Non précisé,Non précisé,Douala (Non précisé)
Non précisé,Non précisé,Douala (Non précisé)
Douala I,Bali,Douala 1
Non précisé,Non précisé,Douala 1
Non précisé,Non précisé,Douala 4
Non précisé,Non précisé,Douala (Non précisé)
Non précisé,Non précisé,Douala (Non précisé)
Douala V,Ange Raphaël,Douala (Non précisé)
Douala I,Ngodi,Ngodi Bakoko
Non précisé,Non précisé,Douala (Non précisé)
Non précisé,Non précisé,Douala (Non précisé)
Non précisé,Non précisé,Douala (Non précisé)
Non précisé,Non précisé,Douala (Non précisé)
Non précisé,Non précisé,Douala (Non précisé)
Non précisé,Non précisé,Douala 3
Douala III,Brazzaville,Douala 3
Douala III,Brazzaville,Douala 3
Non précisé,Non précisé,Douala (Non précisé)
Non précisé,Non précisé,Douala (Non précisé)
Non précisé,Non précisé,Douala (Non précisé)
Douala III,Pk 9,Douala (Non précisé)
Douala III,Nyalla,Douala (Non précisé)
Non précisé,Non précisé,Douala (Non précisé)
Non précisé,Non précisé,Douala (Non précisé)
Non précisé,Non précisé,Douala (Non précisé)
Non précisé,Non précisé,Douala (Non précisé)
Douala III,Boko,Douala (Non précisé)
Douala V,Makepe,Douala (Non précisé)
Douala III,Yassa,Douala (Non précisé)
Douala V,Makepe,Douala 5
Non précisé,Non précisé,Douala (Non précisé)
Douala III,Pk 9,Douala (Non précisé)
Douala II,New Bell,Douala (Non précisé)
Douala II,New Bell,Douala (Non précisé)
Non précisé,Non précisé,Douala (Non précisé)
Douala II,New Bell,Douala (Non précisé)
Douala II,New Bell,Douala (Non précisé)
Douala I,Akwa Nord,Douala 1
Douala I,Bonapriso,Douala (Non précisé)
Douala V,Beedi,Douala (Non précisé)
Douala III,Mbanga Bakoko,Douala (Non précisé)
Non précisé,Non précisé,Douala (Non précisé)
Douala I,Bali,Douala (Non précisé)
Non précisé,Non précisé,Douala 4
Non précisé,Non précisé,Douala (Non précisé)
Non précisé,Non précisé,Douala (Non précisé)
Non précisé,Non précisé,Édéa
Non précisé,Non précisé,Douala (Non précisé)
Douala I,Akwa,Douala 1
Douala I,Akwa,Douala 1
Douala V,Makepe,Douala (Non précisé)
Non précisé,Non précisé,Non précisé
Non précisé,Non précisé,Douala (Non précisé)
Non précisé,Non précisé,Douala (Non précisé)
Non précisé,Non précisé,Douala 3
Douala V,Logpom,Douala 5
Douala III,Boko,Douala 3
Douala I,Ngodi,Douala (Non précisé)
Douala I,Ngodi,Douala (Non précisé)
Douala V,Bepanda,Douala (Non précisé)
Douala V,Kotto,Douala 5
Douala V,Bonamoussadi,Douala 5
Non précisé,Non précisé,Douala (Non précisé)
Non précisé,Non précisé,Douala 4
Douala V,Bepanda,Douala 3
Non précisé,Non précisé,Douala (Non précisé)
Douala II,New Bell,Douala 2
Douala II,New Bell,Douala 2
Non précisé,Non précisé,Douala 4
Douala I,Bonanjo,Douala (Non précisé)
Douala V,Cité des palmiers,Douala (Non précisé)
Douala V,Bonamoussadi,Douala 1
Douala I,Bonanjo,Douala (Non précisé)
Douala III,Nyalla,Douala 3
Douala III,Pk 10,Douala 5
Non précisé,Non précisé,Non précisé
Douala III,Pk 9,Douala (Non précisé)
Douala III,Pk 10,Douala 5
Non précisé,Non précisé,Douala 4
Douala I,Nkongmondo,Douala (Non précisé)
Douala III,Ndokoti,Douala 3
Non précisé,Non précisé,Douala (Non précisé)
Douala V,Bonamoussadi,Douala 3
Non précisé,Non précisé,Douala (Non précisé)
Non précisé,Non précisé,Douala (Non précisé)
Non précisé,Non précisé,Douala (Non précisé)
Douala III,Nyalla,Douala (Non précisé)
Non précisé,Non précisé,Douala (Non précisé)
Douala III,Nyalla,Douala (Non précisé)
Non précisé,Non précisé,Douala 3
Non précisé,Non précisé,Douala (Non précisé)
Non précisé,Non précisé,Douala (Non précisé)
Non précisé,Non précisé,Non précisé
Douala V,Kotto,Douala 5
Douala III,Ndogpassi,Douala 3
Douala V,Bonamoussadi,Douala 5
Non précisé,Non précisé,Douala 6
Non précisé,Non précisé,Douala (Non précisé)
Douala V,Beedi,Douala (Non précisé)
Douala III,Logbaba,Douala (Non précisé)
Douala III,Nyalla,Douala (Non précisé)
Douala V,Bonamoussadi,Douala 5
Non précisé,Non précisé,Douala (Non précisé)
Douala I,Deido,Douala 1
Douala V,Bonamoussadi,Douala 5
Douala V,Bonamoussadi,Douala 5
Douala V,Makepe,Douala (Non précisé)
Douala V,Bepanda,Douala 5
Douala III,Japoma,Douala 3
Douala III,Cité de la Paix,Douala 3
Douala III,Pk 9,Douala (Non précisé)
Douala III,Pk 11,Douala 5
Non précisé,Non précisé,Douala (Non précisé)
Non précisé,Non précisé,Douala 3
Douala III,Ndogpassi,Douala (Non précisé)
Douala I,Bessengue,Douala (Non précisé)
Douala V,Cité des palmiers,Douala 5
Douala II,New Bell,Douala 2
Douala II,New Bell,Douala 2
Douala V,Kotto,Douala 5
Non précisé,Non précisé,Douala (Non précisé)
Douala V,Bepanda,Douala 5
Douala III,Japoma,Douala 3
Douala II,New Bell,Douala 2
Douala II,New Bell,Douala 2
Douala I,Nkongmondo,Douala 2
Douala V,Cité des palmiers,Douala 5
Douala III,Ndogpassi,Douala 3
Non précisé,Non précisé,Douala (Non précisé)
Douala III,Logbaba,Douala (Non précisé)
Non précisé,Non précisé,Douala 5
Non précisé,Non précisé,Douala (Non précisé)
Douala V,Logpom,Douala (Non précisé)
Douala V,Logpom,Douala (Non précisé)
Douala V,Logpom,Douala 3
Douala II,New Bell,Douala 2
Douala II,New Bell,Douala 2
Douala I,Deido,Douala (Non précisé)
Non précisé,Non précisé,Douala (Non précisé)
Douala I,Deido,Douala 1
Douala I,Akwa,Douala 1
Douala I,Akwa,Douala 1
Douala III,Japoma,Douala 3
Douala V,Cité Sic,Douala (Non précisé)
Douala III,Japoma,Douala 3
Douala II,Aéroport,Douala 3
Douala III,Ndogpassi,Douala (Non précisé)
Douala I,Ngodi,Douala (Non précisé)
Non précisé,Non précisé,Non précisé
Douala V,Cité Sic,Douala 5
Douala III,Japoma,Douala 3
Non précisé,Non précisé,Douala (Non précisé)
Non précisé,Non précisé,Douala 1
Non précisé,Non précisé,Douala 4
Non précisé,Non précisé,Douala 1
Douala III,Pk 21,Douala (Non précisé)
Douala I,Bonadouma,Douala 2
Douala II,Bonadouma,Douala 2
Douala V,Ange Raphaël,Douala (Non précisé)
Non précisé,Non précisé,Douala (Non précisé)
Douala III,Ndogpassi,Douala 3
Douala III,Pk 9,Douala (Non précisé)
Non précisé,Non précisé,Douala (Non précisé)
Douala V,Bonabeyike,Douala 4
Non précisé,Non précisé,Douala (Non précisé)
Douala I,Deido,Douala 1
Non précisé,Non précisé,Non précisé
Non précisé,Non précisé,Douala 4
Douala III,Yassa,Douala 3
Douala III,Pk 9,Douala 5
Douala III,Ndogpassi,Douala 3
Non précisé,Non précisé,Douala 5
Douala III,Ndogpassi,Douala 3
Douala III,Bonanloka,Douala 4
Douala III,Yassa,Douala 3
Douala III,Pk 9,Douala 3
Douala I,Akwa,Douala 1
Douala I,Akwa,Douala 1
Douala III,Pk 10,Douala (Non précisé)
Douala III,Ndogsimbi,Douala 3
Douala V,Ndogsimbi,Douala 3
Douala I,Akwa Nord,Douala 2
Douala III,Yassa,Douala (Non précisé)
Douala III,Japoma,Douala 3
Douala III,Yassa,Douala 3
Douala III,Boko,Douala 3
Douala II,Aéroport,Douala (Non précisé)
Douala III,Logbaba,Douala 3
Douala III,Nyalla,Douala 3
Douala V,Bepanda,Douala (Non précisé)
Douala III,Nyalla,Douala 3
Non précisé,Non précisé,Douala (Non précisé)
Non précisé,Non précisé,Douala (Non précisé)
Douala III,Logbaba,Douala 3
Non précisé,Non précisé,Douala (Non précisé)
Non précisé,Non précisé,Douala (Non précisé)
Douala III,Pk 10,Douala 5
Douala III,Ndogpassi,Douala 3
Douala III,Ndogpassi,Douala (Non précisé)
Non précisé,Non précisé,Douala (Non précisé)
Douala V,Makepe,Douala 5
Non précisé,Non précisé,Douala (Non précisé)
Douala V,Logbessou,Douala 3
Non précisé,Non précisé,Douala (Non précisé)
Douala V,Logbessou,Douala (Non précisé)
Non précisé,Non précisé,Douala 3
Non précisé,Non précisé,Douala (Non précisé)
Non précisé,Non précisé,Douala (Non précisé)
Douala III,Pk 11,Douala (Non précisé)
Douala III,Nyalla,Douala 3
Douala III,Bonanloka,Douala 2
Douala II,New Bell,Douala 2
Douala II,New Bell,Douala 2
Douala V,Cité Sic,Douala 5
Douala V,Bonabeyike,Douala 4
Douala I,Nkongmondo,Douala (Non précisé)
Douala III,Logbaba,Douala 3
Douala V,Logbessou,Douala 5
Douala II,New Bell,Douala 2
Douala II,New Bell,Douala 2
Douala I,Deido,Douala (Non précisé)
Non précisé,Non précisé,Douala (Non précisé)
Douala I,Akwa,Douala (Non précisé)
Douala I,Akwa,Douala (Non précisé)
Non précisé,Non précisé,Douala 2
Douala III,Ndogpassi,Douala 3
Non précisé,Non précisé,Douala (Non précisé)
Douala III,Mbanga Bakoko,Douala (Non précisé)
Douala III,Tergal,Douala (Non précisé)
Douala III,Yassa,Douala (Non précisé)
Non précisé,Non précisé,Douala 3
Douala V,Ndogbong,Douala (Non précisé)
Douala V,Nguibassal,Douala 5
Douala V,Ange Raphaël,Douala 5
Douala II,New Bell,Douala 2
Douala II,New Bell,Douala 2
Douala II,New Bell,Douala (Non précisé)
Douala II,New Bell,Douala (Non précisé)
Douala III,Yassa,Douala (Non précisé)
Non précisé,Non précisé,Douala (Non précisé)
Douala V,Bonamoussadi,Douala 1
Non précisé,Non précisé,Douala (Non précisé)
Non précisé,Non précisé,Édéa
Non précisé,Non précisé,Douala (Non précisé)
Non précisé,Non précisé,Douala 3
Douala V,Cité des palmiers,Douala (Non précisé)
Douala V,Ndogbong,Douala (Non précisé)
Douala V,Makepe,Douala (Non précisé)
Non précisé,Non précisé,Douala 2
Non précisé,Non précisé,Douala (Non précisé)
Douala III,Nyalla,Douala (Non précisé)
Douala V,Bepanda,Douala (Non précisé)
Douala III,Logbaba,Douala 3
Non précisé,Non précisé,Douala (Non précisé)
Douala III,Logbaba,Douala 3
Non précisé,Non précisé,Douala (Non précisé)
Douala III,Yassa,Douala 3
Non précisé,Non précisé,Douala (Non précisé)
Douala III,Nyalla,Douala 3
Non précisé,Non précisé,Douala (Non précisé)
Douala III,Nyalla,Douala (Non précisé)
Douala V,Cité Sic,Douala 5
Non précisé,Non précisé,Douala (Non précisé)
Douala III,Yassa,Douala 3
Douala III,Brazzaville,Douala (Non précisé)
Douala III,Brazzaville,Douala (Non précisé)
Douala III,Yassa,Douala 3
Non précisé,Non précisé,Non précisé
Non précisé,Non précisé,Douala (Non précisé)
Non précisé,Non précisé,Douala (Non précisé)
Douala II,New Bell,Douala 2
Douala II,New Bell,Douala 2
Non précisé,Non précisé,Édéa
Douala V,Bonamoussadi,Douala 1
Douala V,Ndogbong,Douala 3
Douala V,Kotto,Douala (Non précisé)
Non précisé,Non précisé,Douala (Non précisé)
Douala II,New Bell,Douala 2
Douala II,New Bell,Douala 2
Non précisé,Non précisé,Buéa
Douala III,Ndogpassi,Douala 3
Non précisé,Non précisé,Douala (Non précisé)
Douala III,Ndogpassi,Douala (Non précisé)
Douala III,Boko,Douala (Non précisé)
Douala III,Ndogpassi,Douala 3
Non précisé,Non précisé,Douala (Non précisé)
Douala III,Boko,Douala (Non précisé)
Douala III,Ndokoti,Douala (Non précisé)
Non précisé,Non précisé,Douala 3
Douala III,Pk 9,Douala 5
Douala V,Kotto,Douala 5
Douala III,Japoma,Douala 3
Non précisé,Non précisé,Douala (Non précisé)
Douala III,Nyalla,Douala (Non précisé)
Douala III,Nyalla,Douala (Non précisé)
Douala III,Nyalla,Douala 3
Non précisé,Non précisé,Douala 4
Non précisé,Non précisé,Douala 3
Douala III,Pk 9,Douala 5
Non précisé,Non précisé,Douala 3
Douala V,Makepe,Douala 5
Douala I,Deido,Douala 1
Douala I,Bali,Douala (Non précisé)
Douala I,Bali,Douala 1
Non précisé,Non précisé,Douala 5
Douala III,Ndogpassi,Douala 3
Douala III,Yassa,Douala 3
Douala V,Makepe,Douala (Non précisé)
Douala III,Cité de la Paix,Douala (Non précisé)
Non précisé,Non précisé,Douala 4
Douala II,New Bell,Douala 2
Douala II,New Bell,Douala 2
Non précisé,Non précisé,Douala 3
Non précisé,Non précisé,Douala (Non précisé)
Douala I,Ngodi,Douala (Non précisé)
Non précisé,Non précisé,Douala 3
Douala III,Brazzaville,Douala (Non précisé)
Douala III,Brazzaville,Douala (Non précisé)
Non précisé,Non précisé,Douala (Non précisé)
Non précisé,Non précisé,Douala 3
Douala III,Yassa,Douala 3
Douala V,Beedi,Douala 5
Douala I,Ngodi,Douala 2
Douala III,Yassa,Douala 3
Douala V,Ndogbong,Douala 3
Douala III,Ndogpassi,Douala 3
Douala III,Japoma,Douala 3
Douala III,Logbaba,Douala 3
Douala III,Logbaba,Douala 3
Non précisé,Non précisé,Yaoundé
Douala III,Yassa,Douala 3
Douala III,Yassa,Douala 3
Non précisé,Non précisé,Douala (Non précisé)
Douala III,Japoma,Douala 3
Non précisé,Non précisé,Douala (Non précisé)
Non précisé,Non précisé,Douala (Non précisé)
Douala III,Mbanga Bakoko,Douala (Non précisé)
Douala III,Logbaba,Douala (Non précisé)
Non précisé,Non précisé,Douala (Non précisé)
Non précisé,Non précisé,Douala (Non précisé)
Douala III,Ndogpassi,Douala 3
Douala V,Makepe,Douala 5
Non précisé,Non précisé,Douala (Non précisé)
Douala I,Deido,Douala 1
Douala I,Bonapriso,Douala 3
Douala II,Congo,Non précisé
Douala III,Ndogpassi,Douala 3
Non précisé,Non précisé,Douala (Non précisé)
Non précisé,Non précisé,Douala (Non précisé)
Douala III,Yassa,Douala (Non précisé)
Non précisé,Non précisé,Douala (Non précisé)
Douala III,Logbaba,Douala 3
Non précisé,Non précisé,Douala (Non précisé)
Douala III,Yassa,Douala 3
Douala III,Nyalla,Douala 3
Douala III,Yassa,Douala 3
Non précisé,Non précisé,Douala (Non précisé)
Non précisé,Non précisé,Douala (Non précisé)
Non précisé,Non précisé,Douala (Non précisé)
Douala III,Ndogpassi,Douala (Non précisé)
Douala V,Ndogbong,Douala (Non précisé)
Non précisé,Non précisé,Douala (Non précisé)
Non précisé,Non précisé,Douala (Non précisé)
Douala V,Bepanda,Douala 5
Douala II,New Bell,Douala 2
Douala II,New Bell,Douala 2
Non précisé,Non précisé,Douala (Non précisé)
Non précisé,Non précisé,Douala (Non précisé)
Non précisé,Non précisé,Douala (Non précisé)
Douala V,Beedi,Douala 5
Douala V,Cité Sic,Douala (Non précisé)
Douala I,Nkongmondo,Douala (Non précisé)
Non précisé,Non précisé,Douala (Non précisé)
Douala V,Ndogbong,Douala (Non précisé)
Douala V,Ndogbong,Douala (Non précisé)
Non précisé,Non précisé,Buéa
Non précisé,Non précisé,Douala 4
Douala V,Bepanda,Douala (Non précisé)
Douala I,Akwa,Douala (Non précisé)
Douala I,Akwa,Douala (Non précisé)
Non précisé,Non précisé,Douala (Non précisé)
Douala III,Ndogpassi,Douala 3
Non précisé,Non précisé,Douala (Non précisé)
Douala III,Song-Mahop,Douala (Non précisé)
Non précisé,Non précisé,Douala (Non précisé)
Douala V,Logbessou,Douala 5
Douala V,Logbessou,Douala 5
Non précisé,Non précisé,Douala (Non précisé)
Douala III,Ndogpassi,Douala 3
Douala I,Bonateki,Douala (Non précisé)
Douala V,Cité Sic,Douala (Non précisé)
Douala III,Logbaba,Douala 3
Douala V,Ange Raphaël,Douala 5
Non précisé,Non précisé,Douala (Non précisé)
Douala V,Makepe,Douala (Non précisé)
Non précisé,Non précisé,Dschang
Non précisé,Non précisé,Yaoundé
Douala III,Ndokoti,Douala (Non précisé)
Douala I,Nkongmondo,Douala (Non précisé)
Douala II,New Bell,Douala 2
Douala II,New Bell,Douala 2
Non précisé,Non précisé,Douala (Non précisé)
Non précisé,Non précisé,Douala (Non précisé)
Douala V,Cité des palmiers,Douala (Non précisé)
Non précisé,Non précisé,Douala (Non précisé)
Douala V,Bepanda,Douala (Non précisé)
Non précisé,Non précisé,Douala (Non précisé)
Non précisé,Non précisé,Douala (Non précisé)
Douala V,Bepanda,Douala (Non précisé)
Non précisé,Non précisé,Douala 2
Non précisé,Non précisé,Douala (Non précisé)
Non précisé,Non précisé,Douala (Non précisé)
Douala III,Pk 10,Douala (Non précisé)
Non précisé,Non précisé,Douala (Non précisé)
Non précisé,Non précisé,Douala 4
Douala II,Aéroport,Douala 1
Non précisé,Non précisé,Douala (Non précisé)
Non précisé,Non précisé,Douala (Non précisé)
Douala III,Logbaba,Douala (Non précisé)
Douala III,Dibom,Douala 3
Non précisé,Non précisé,Douala 3
Douala III,Yassa,Douala (Non précisé)
Douala III,Yassa,Douala 3
Douala III,Ndogpassi,Douala 2
Non précisé,Non précisé,Douala 4
Douala III,Yassa,Douala 3
Non précisé,Non précisé,Bomono Ba Mbègué
Douala V,Bepanda,Douala 3
Douala II,New Bell,Douala 3
Douala II,New Bell,Douala 3
Non précisé,Non précisé,Douala (Non précisé)
Non précisé,Non précisé,Buéa
Douala V,Bonamoussadi,Douala 5
Douala V,Ange Raphaël,Douala (Non précisé)
Douala III,Ndogpassi,Douala (Non précisé)
Non précisé,Non précisé,Douala (Non précisé)
Non précisé,Non précisé,Douala 5
Non précisé,Non précisé,Douala (Non précisé)
Douala V,Makepe,Douala (Non précisé)
Non précisé,Non précisé,Douala 5
Non précisé,Non précisé,Douala (Non précisé)
Non précisé,Non précisé,Douala (Non précisé)
Non précisé,Non précisé,Douala (Non précisé)
Douala V,Bepanda,Douala (Non précisé)
Non précisé,Non précisé,Douala 5
Non précisé,Non précisé,Non précisé
Douala III,Yassa,Douala 3
Douala III,Yassa,Douala 3
Douala V,Bonamoussadi,Douala 5
Douala V,Cité Sic,Douala (Non précisé)
Douala V,Makepe,Douala 5
Douala I,Bali,Douala 2
Non précisé,Non précisé,Douala (Non précisé)
Douala III,Japoma,Douala (Non précisé)
Douala V,Logbessou,Douala (Non précisé)
Douala III,Cité de la Paix,Douala (Non précisé)
Douala III,Pk 9,Douala 5
Non précisé,Non précisé,Édéa
Non précisé,Non précisé,Douala (Non précisé)
Douala I,Bali,Douala (Non précisé)
Non précisé,Non précisé,Douala (Non précisé)
Non précisé,Non précisé,Édéa
Douala III,Pk 10,Douala 3
Non précisé,Non précisé,Douala 3
Non précisé,Non précisé,Édéa
Douala III,Japoma,Douala (Non précisé)
Douala III,Logbaba,Douala 3
Douala V,Beedi,Douala 3
Douala V,Beedi,Douala (Non précisé)
Douala V,Ndogbong,Douala 5
Douala I,Ngodi,Douala 3
Douala V,Cité des palmiers,Douala (Non précisé)
Douala III,Logbaba,Douala (Non précisé)
Douala I,Grand Moulin,Douala 4
Non précisé,Non précisé,Douala (Non précisé)
Non précisé,Non précisé,Douala (Non précisé)
Douala III,Nyalla,Douala 3
Douala IV,Bonandale,Douala (Non précisé)
Douala V,Kotto,Douala (Non précisé)
Non précisé,Non précisé,Douala 3
Douala I,Ngodi,Douala 3
Douala V,Bepanda,Douala (Non précisé)
Douala V,Cité des palmiers,Douala 3
Non précisé,Non précisé,Douala (Non précisé)
Douala III,Boko,Douala (Non précisé)
Non précisé,Non précisé,Yaoundé
Douala V,Ange Raphaël,Douala (Non précisé)
Douala V,Makepe,Douala 5
Douala V,Bepanda,Douala 5
Non précisé,Non précisé,Douala (Non précisé)
Douala V,Cité des palmiers,Douala 3
Non précisé,Non précisé,Douala (Non précisé)
Douala V,Ndogbong,Douala (Non précisé)
Non précisé,Non précisé,Douala (Non précisé)
Douala V,Bepanda,Douala (Non précisé)
Douala III,Ndogpassi,Douala 3
Non précisé,Non précisé,Douala 3
Douala V,Makepe,Douala 5
Non précisé,Non précisé,Douala
Non précisé,Non précisé,Douala (Non précisé)
Non précisé,Non précisé,Douala (Non précisé)
Douala III,Pk 10,Douala 4
Douala III,Logbaba,Douala 3
Douala III,Logbaba,Douala 3
Douala V,Beedi,Douala (Non précisé)
Douala V,Bepanda,Douala (Non précisé)
Douala III,Yassa,Douala 3
Douala III,Pk 11,Douala (Non précisé)
Non précisé,Non précisé,Douala (Non précisé)
Non précisé,Non précisé,Douala (Non précisé)
Non précisé,Non précisé,Douala (Non précisé)
Non précisé,Non précisé,Douala 4
Douala III,Japoma,Douala (Non précisé)
Non précisé,Non précisé,Douala (Non précisé)
Douala V,Makepe,Douala 5
Douala V,Makepe,Douala (Non précisé)
Douala V,Cité des palmiers,Douala 3
Douala III,Pk 10,Douala (Non précisé)
Douala V,Makepe,Douala (Non précisé)
Non précisé,Non précisé,Douala (Non précisé)
Douala III,Oyack,Douala (Non précisé)
Douala III,Logbaba,Douala 3
Non précisé,Non précisé,Douala (Non précisé)
Non précisé,Non précisé,Douala 2
Non précisé,Non précisé,Douala (Non précisé)
Douala III,Bilongue,Douala (Non précisé)
Douala I,Akwa Nord,Douala (Non précisé)
Non précisé,Non précisé,Douala (Non précisé)
Douala I,Nkongmondo,Douala 2
Douala III,Pk 11,Douala (Non précisé)
Douala I,Bonapriso,Douala 1
Douala V,Logpom,Douala 5
Douala I,Ngodi,Douala (Non précisé)
Non précisé,Non précisé,Douala 5
Douala V,Makepe,Douala (Non précisé)
Douala II,New Bell,Douala (Non précisé)
Douala II,New Bell,Douala (Non précisé)
Douala V,Bonabeyike,Douala 2
Douala V,Bonamoussadi,Douala 5
Douala V,Bonamoussadi,Douala (Non précisé)
Douala V,Bonabeyike,Douala 4
Douala III,Ndogpassi,Douala 3
Non précisé,Non précisé,Douala 3
Douala V,Logpom,Douala (Non précisé)
Douala V,Ange Raphaël,Douala (Non précisé)
Douala V,Ndogbong,Douala 3
Douala I,Akwa Nord,Douala 3
Douala III,Logbaba,Douala (Non précisé)
Non précisé,Non précisé,Non précisé
Douala III,Nyalla,Douala 3
Douala III,Yassa,Douala 3
Douala III,Yassa,Douala (Non précisé)
Non précisé,Non précisé,Douala (Non précisé)
Non précisé,Non précisé,Douala (Non précisé)
Douala V,Bepanda,Douala 5
Non précisé,Non précisé,Douala 3
Non précisé,Non précisé,Non précisé
Douala III,Ndogpassi,Douala (Non précisé)
Non précisé,Non précisé,Douala (Non précisé)
Douala III,Logbaba,Douala 3
Douala III,Japoma,Douala (Non précisé)
Douala III,Nyalla,Douala (Non précisé)
Douala V,Logpom,Douala (Non précisé)
Non précisé,Non précisé,Douala 5
Douala V,Bonamoussadi,Douala 5
Non précisé,Non précisé,Douala 3
Douala I,Deido,Douala 5
Non précisé,Non précisé,Douala (Non précisé)
Non précisé,Non précisé,Douala (Non précisé)
Non précisé,Non précisé,Douala (Non précisé)
Non précisé,Non précisé,Douala (Non précisé)
Douala V,Makepe,Douala (Non précisé)
Douala III,Yassa,Douala 3
Non précisé,Non précisé,Douala 3
Non précisé,Non précisé,Douala (Non précisé)
Douala III,Pk 10,Douala (Non précisé)
Douala III,Nyalla,Douala 3
Non précisé,Non précisé,Douala (Non précisé)
Non précisé,Non précisé,Douala 5
Non précisé,Non précisé,Douala (Non précisé)
Non précisé,Non précisé,Douala 5
Douala III,Yassa,Douala 3
Non précisé,Non précisé,Douala (Non précisé)
Non précisé,Non précisé,Douala 5
Non précisé,Non précisé,Douala (Non précisé)
Douala I,Deido,Douala 1
Douala III,Logbaba,Douala 3
Douala II,Aéroport,Douala 3
Non précisé,Non précisé,Dikongmondo
Douala V,Cité des palmiers,Douala (Non précisé)
Douala III,Nyalla,Douala (Non précisé)
Douala V,Cité des palmiers,Douala (Non précisé)
Douala III,Ndogsimbi,Douala (Non précisé)
Douala V,Ndogsimbi,Douala (Non précisé)
Douala III,Bonadiwoto,Douala (Non précisé)
Douala III,Ndokoti,Douala (Non précisé)
Non précisé,Non précisé,Douala (Non précisé)
Douala II,New Bell,Douala 2
Douala II,New Bell,Douala 2
Douala I,Deido,Douala (Non précisé)
Douala III,Oyack,Douala 3
Non précisé,Non précisé,Douala (Non précisé)
Douala I,Deido,Douala (Non précisé)
Non précisé,Non précisé,Douala (Non précisé)
Non précisé,Non précisé,Douala (Non précisé)
Non précisé,Non précisé,Douala (Non précisé)
Non précisé,Non précisé,Douala 3
Douala III,Pk 10,Douala 5
Douala III,Pk 10,Douala 5
Douala II,New Bell,Douala (Non précisé)
Douala II,New Bell,Douala (Non précisé)
Non précisé,Non précisé,Douala (Non précisé)
Non précisé,Non précisé,Douala (Non précisé)
Douala V,Ndogbong,Douala 5
Douala I,Ngodi,Douala (Non précisé)
Non précisé,Non précisé,Douala (Non précisé)
Douala I,Nkongmondo,Édéa
Non précisé,Non précisé,Douala 4
Non précisé,Non précisé,Douala (Non précisé)
Non précisé,Non précisé,Douala (Non précisé)
Douala I,Bonakouamouang,Douala 1
Douala V,Ange Raphaël,Douala (Non précisé)
Douala III,Ndokoti,Douala 3
Non précisé,Non précisé,Douala (Non précisé)
Non précisé,Non précisé,Douala (Non précisé)
Non précisé,Non précisé,Limbe
Douala III,Oyack,Douala 3
Douala V,Bonamoussadi,Douala 5
Douala II,New Bell,Douala 2
Douala II,New Bell,Douala 2
Douala I,Bonadoumbé,Douala (Non précisé)
Douala I,Akwa Nord,Douala (Non précisé)
Douala V,Logpom,Douala 3
Non précisé,Non précisé,Douala 3
Douala III,Nyalla,Douala 3
Douala II,New Bell,Douala 2
Douala II,New Bell,Douala 2
Douala I,Deido,Douala 1
Non précisé,Non précisé,Douala 4
Douala II,New Bell,Douala 2
Douala II,New Bell,Douala 2
Non précisé,Non précisé,Douala (Non précisé)
Douala V,Logbessou,Douala (Non précisé)
Douala III,Nyalla,Douala 3
Douala III,Pk 10,Douala (Non précisé)
Douala I,Deido,Douala (Non précisé)
Douala V,Bonamoussadi,Douala (Non précisé)
Non précisé,Non précisé,Douala 3
Non précisé,Non précisé,Douala 4
Douala I,Deido,Douala 1
Non précisé,Non précisé,Douala 2
Non précisé,Non précisé,Non précisé
Douala III,Pk 9,Douala 3
Non précisé,Non précisé,Douala (Non précisé)
Non précisé,Non précisé,Douala (Non précisé)
Non précisé,Non précisé,Douala (Non précisé)
Non précisé,Non précisé,Douala (Non précisé)
Douala I,Bali,Douala 1
Douala III,Logbaba,Douala 3
Douala V,Kotto,Douala (Non précisé)
Non précisé,Non précisé,Douala (Non précisé)
Non précisé,Non précisé,Douala (Non précisé)
Non précisé,Non précisé,Douala (Non précisé)
Douala V,Bonabeyike,Douala 4
Douala I,Nkongmondo,Douala (Non précisé)
Non précisé,Non précisé,Douala (Non précisé)
Non précisé,Non précisé,Douala (Non précisé)
Non précisé,Non précisé,Douala (Non précisé)
Douala II,New Bell,Douala (Non précisé)
Douala II,New Bell,Douala (Non précisé)
Douala I,Bali,Douala 2
Non précisé,Non précisé,Douala 4
Non précisé,Non précisé,Douala (Non précisé)
Douala I,Akwa,Douala 1
Douala I,Akwa,Douala 1
Douala I,Akwa,Douala (Non précisé)
Douala I,Akwa,Douala (Non précisé)
Douala III,Nyalla,Douala 3
Douala III,Brazzaville,Douala (Non précisé)
Douala III,Brazzaville,Douala (Non précisé)
Non précisé,Non précisé,Douala 5
Non précisé,Non précisé,Douala (Non précisé)
Non précisé,Non précisé,Douala 3
Douala III,Bilongue,Douala 5
Douala I,Nkongmondo,Douala 2
Douala V,Logbessou,Douala (Non précisé)
Douala V,Beedi,Douala 3
Douala I,Nkongmondo,Douala (Non précisé)
Douala III,Nyalla,Douala 3
Non précisé,Non précisé,Douala (Non précisé)
Non précisé,Non précisé,Douala (Non précisé)
Douala V,Cité Sic,Douala 5
Douala I,Ngodi,Douala (Non précisé)
Non précisé,Non précisé,Douala (Non précisé)
Douala V,Makepe,Douala (Non précisé)
Non précisé,Non précisé,Douala (Non précisé)
Douala I,Akwa,Douala (Non précisé)
Douala I,Akwa,Douala (Non précisé)
Non précisé,Non précisé,Non précisé
Douala III,Ndogpassi,Douala 3
Douala V,Bepanda,Douala (Non précisé)
Douala III,Dibom,Douala 4
Non précisé,Non précisé,Non précisé
Non précisé,Non précisé,Douala (Non précisé)
Douala III,Logbaba,Douala 3
Douala V,Makepe,Douala (Non précisé)
Douala III,Nyalla,Douala 3
Non précisé,Non précisé,Douala (Non précisé)
Non précisé,Non précisé,Douala (Non précisé)
Non précisé,Non précisé,Douala 4
Non précisé,Non précisé,Douala (Non précisé)
Douala I,Bonapriso,Douala 2
Douala III,Oyack,Douala 3
Douala I,Bali,Douala 1
Douala III,Cité Berge,Douala (Non précisé)
Non précisé,Non précisé,Douala (Non précisé)
Douala III,Ndogpassi,Douala 3
Non précisé,Non précisé,Non précisé
Douala III,Cité de la Paix,Douala 3
Douala III,Yassa,Douala (Non précisé)
Douala V,Bepanda,Douala (Non précisé)
Douala III,Nyalla,Douala 3
Non précisé,Non précisé,Douala (Non précisé)
Douala III,Yassa,Douala 3
Douala III,Ndogpassi,Douala (Non précisé)
Non précisé,Non précisé,Douala (Non précisé)
Douala III,Tergal,Douala 3
Douala III,Boko,Douala 3
Non précisé,Non précisé,Non précisé
Non précisé,Non précisé,Douala (Non précisé)
Douala I,Deido,Douala 1
Non précisé,Non précisé,Douala (Non précisé)
Non précisé,Non précisé,Yaoundé
Douala III,Ndogpassi,Douala (Non précisé)
Douala III,Ndogpassi,Douala (Non précisé)
Non précisé,Non précisé,Douala (Non précisé)
Douala III,Bilongue,Douala 3
Non précisé,Non précisé,Douala 4
Douala III,Bilongue,Douala 3
Douala III,Cité Berge,Douala (Non précisé)
Douala V,Logpom,Douala 5
Douala II,New Bell,Douala 5
Douala II,New Bell,Douala 5
Douala III,Ndogpassi,Douala (Non précisé)
Douala III,Brazzaville,Douala 3
Douala III,Brazzaville,Douala 3
Non précisé,Non précisé,Douala (Non précisé)
Non précisé,Non précisé,Douala (Non précisé)
Douala III,Nyalla,Douala 3
Douala III,Ndogpassi,Douala 3
Douala I,Deido,Douala (Non précisé)
Douala V,Bepanda,Douala (Non précisé)
Douala III,Ndogpassi,Douala 3
Douala III,Ndogpassi,Douala 3
Non précisé,Non précisé,Douala (Non précisé)
Non précisé,Non précisé,Douala (Non précisé)
Douala III,Pk 11,Douala (Non précisé)
Douala I,Bonateki,Douala (Non précisé)
Douala III,Nyalla,Douala (Non précisé)
Douala V,Kotto,Douala 5
Douala III,Ndogpassi,Douala (Non précisé)
Douala III,Pk 21,Douala (Non précisé)
Douala III,Nyalla,Douala (Non précisé)
Douala V,Malangue,Douala 5
Non précisé,Non précisé,Douala (Non précisé)
Non précisé,Non précisé,Douala (Non précisé)
Douala III,Ndogpassi,Douala 3
Douala III,Ndogpassi,Douala 3
Non précisé,Non précisé,Douala (Non précisé)
Non précisé,Non précisé,Non précisé
Non précisé,Non précisé,Douala (Non précisé)
Douala V,Bepanda,Douala 3
Douala III,Yassa,Douala (Non précisé)
Douala I,Bonapriso,Douala 1
Non précisé,Non précisé,Douala (Non précisé)
Non précisé,Non précisé,Douala (Non précisé)
Douala III,Boko,Douala 5
Douala I,Deido,Deïdo
Douala II,New Bell,Douala (Non précisé)
Douala II,New Bell,Douala (Non précisé)
Douala V,Logpom,Douala 5
Non précisé,Non précisé,Douala 5
Non précisé,Non précisé,Douala 3
Douala V,Kotto,Douala 5
Douala V,Logpom,Douala 5
Non précisé,Non précisé,Douala (Non précisé)
Douala III,Boko,Douala (Non précisé)
Douala III,Pk 10,Douala 5
Douala III,Ndogpassi,Douala 3
Douala III,Ndogpassi,Douala 3
Douala V,Logbessou,Douala 5
Douala III,Japoma,Douala (Non précisé)
Douala III,Dibom,Douala (Non précisé)
Non précisé,Non précisé,Non précisé
Douala V,Ange Raphaël,Douala (Non précisé)
Douala V,Logpom,Douala 5
Douala V,Ndogbong,Douala 5
Non précisé,Non précisé,Douala (Non précisé)
Non précisé,Non précisé,Douala (Non précisé)
Douala III,Pk 11,Douala (Non précisé)
Non précisé,Non précisé,Douala (Non précisé)
Non précisé,Non précisé,Douala (Non précisé)
Douala III,Yassa,Douala 3
Douala V,Kotto,Douala 5
Douala III,Yassa,Douala 3
Non précisé,Non précisé,Non précisé
Douala III,Tergal,Douala 2
Douala II,New Bell,Douala 2
Douala II,New Bell,Douala 2
Douala III,Yassa,Douala 3
Non précisé,Non précisé,Douala (Non précisé)
Non précisé,Non précisé,Douala (Non précisé)
Non précisé,Non précisé,Non précisé
Douala V,Cité Sic,Douala (Non précisé)
Douala V,Bonamoussadi,Douala (Non précisé)
Douala III,Logbaba,Douala 3
Douala II,New Bell,Douala 3
Douala II,New Bell,Douala 3
Douala III,Logbaba,Douala (Non précisé)
Douala III,Yassa,Douala (Non précisé)
Douala III,Logbaba,Douala 3
Douala III,Ndogpassi,Douala 3
Non précisé,Non précisé,Douala 3
Douala II,New Bell,Douala 2
Douala II,New Bell,Douala 2
Non précisé,Non précisé,Douala (Non précisé)
Douala I,Ngodi,Douala 3
Non précisé,Non précisé,Douala (Non précisé)
Douala V,Bepanda,Douala 5
Douala III,Bilongue,Douala 3
Douala I,Bessengue,Douala (Non précisé)
Douala II,New Bell,Douala 5
Douala II,New Bell,Douala 5
Douala I,Bali,Douala (Non précisé)
Douala I,Bali,Douala (Non précisé)
Non précisé,Non précisé,Douala (Non précisé)
Douala I,Bali,Douala (Non précisé)
Non précisé,Non précisé,Douala 5
Douala I,Ngodi,Douala (Non précisé)
Douala V,Bonabeyike,Douala (Non précisé)
Douala V,Bepanda,Douala (Non précisé)
Non précisé,Non précisé,Douala (Non précisé)
Douala V,Ndogbong,Douala 3
Douala V,Logpom,Douala 5
Non précisé,Non précisé,Douala (Non précisé)
Douala V,Makepe,Douala (Non précisé)
Douala III,Yassa,Douala (Non précisé)
Non précisé,Non précisé,Douala (Non précisé)
Douala III,Pk 11,Douala (Non précisé)
Non précisé,Non précisé,Douala (Non précisé)
Douala III,Nyalla,Douala 3
Non précisé,Non précisé,Douala 3
Non précisé,Non précisé,Sud-Ouest Tombel
Douala III,Pk 11,Douala (Non précisé)
Douala V,Logbessou,Douala (Non précisé)
Douala V,Logbessou,Douala (Non précisé)
Douala V,Kotto,Douala 5
Douala V,Bepanda,Douala 5
Douala III,Mbanga Bakoko,Yaoundé
Douala III,Nyalla,Douala 3
Non précisé,Non précisé,Yaoundé
Douala V,Bonamoussadi,Douala (Non précisé)
Non précisé,Non précisé,Non précisé
Douala II,New Bell,Douala 5
Douala II,New Bell,Douala 5
Non précisé,Non précisé,Douala 3
Douala V,Bonamoussadi,Douala 5
Douala V,Bonamoussadi,Douala 5
Non précisé,Non précisé,Douala (Non précisé)
Douala V,Ndogmbe,Douala (Non précisé)
Non précisé,Non précisé,Douala (Non précisé)
Non précisé,Non précisé,Douala (Non précisé)
Non précisé,Non précisé,Douala (Non précisé)
Non précisé,Non précisé,Douala 5
Non précisé,Non précisé,Douala 5
Douala I,Ngodi,Douala (Non précisé)
Non précisé,Non précisé,Douala (Non précisé)
Douala V,Makepe,Douala 3
Douala I,Nkongmondo,Douala 2
Non précisé,Non précisé,Douala (Non précisé)
Non précisé,Non précisé,Douala 3
Non précisé,Non précisé,Douala (Non précisé)
Non précisé,Non précisé,Douala (Non précisé)
Douala II,Youpwé,Douala 2
Douala V,Makepe,Douala (Non précisé)
Douala V,Cité Sic,Douala (Non précisé)
Non précisé,Non précisé,Douala (Non précisé)
Douala III,Pk 17,Douala (Non précisé)
Douala II,New Bell,Douala (Non précisé)
Douala II,New Bell,Douala (Non précisé)
Douala III,Ndogpassi,Douala 3
Douala I,Deido,Douala 1
Non précisé,Non précisé,Douala 3
Douala V,Ange Raphaël,Douala (Non précisé)
Non précisé,Non précisé,Douala 3
Douala V,Bepanda,Douala 5
Douala III,Logbaba,Douala 3
Douala V,Bepanda,Douala (Non précisé)
Douala III,Pk 10,Douala 3
Non précisé,Non précisé,Douala (Non précisé)
Douala V,Bonamoussadi,Douala (Non précisé)
Douala V,Ange Raphaël,Douala (Non précisé)
Douala III,Pk 10,Douala 5
Non précisé,Non précisé,Douala (Non précisé)
Non précisé,Non précisé,Douala (Non précisé)
Douala V,Bepanda,Douala 5
Non précisé,Non précisé,Douala 5
Douala V,Logpom,Douala 5
Douala III,Nyalla,Douala 3
Douala I,Deido,Douala 1
Douala III,Yassa,Douala 3
Douala III,Nyalla,Douala (Non précisé)
Douala III,Boko,Douala (Non précisé)
Douala V,Mbengue City,Douala (Non précisé)
Non précisé,Non précisé,Douala (Non précisé)
Douala III,Yassa,Douala 3
Douala III,Ndogpassi,Douala (Non précisé)
Douala V,Logpom,Douala 5
Douala III,Ndogpassi,Douala 3
Non précisé,Non précisé,Douala (Non précisé)
Douala III,Boko,Douala (Non précisé)
Non précisé,Non précisé,Douala (Non précisé)
Douala III,Pk 10,Douala (Non précisé)
Non précisé,Non précisé,Douala (Non précisé)
Douala III,Ndogpassi,Douala 3
Douala III,Ndogpassi,Douala (Non précisé)
Non précisé,Non précisé,Douala 4
Non précisé,Non précisé,Douala 3
Non précisé,Non précisé,Douala (Non précisé)
Non précisé,Non précisé,Douala (Non précisé)
Douala II,New Bell,Douala (Non précisé)
Douala II,New Bell,Douala (Non précisé)
Non précisé,Non précisé,Douala (Non précisé)
Douala I,Ngodi,Douala 3
Douala III,Nyalla,Douala 3
Douala V,Bepanda,Douala 5
Non précisé,Non précisé,Douala (Non précisé)
Douala III,Yassa,Douala 3
Douala III,Pk 9,Douala 5
Non précisé,Non précisé,Douala (Non précisé)
Douala V,Kotto,Douala 5
Non précisé,Non précisé,Douala 3
Non précisé,Non précisé,Douala (Non précisé)
Non précisé,Non précisé,Douala (Non précisé)
Non précisé,Non précisé,Douala (Non précisé)
Non précisé,Non précisé,Douala (Non précisé)
Douala II,New Bell,Douala 5
Douala II,New Bell,Douala 5
Douala IV,Ndobo,Douala 4
Non précisé,Non précisé,Yaoundé
Douala V,Cité des palmiers,Douala (Non précisé)
Non précisé,Non précisé,Douala 4
Douala III,Boko,Douala 3
Douala III,Ndogpassi,Douala 3
Non précisé,Non précisé,Douala 5
Douala V,Bepanda,Douala 5
Non précisé,Non précisé,Douala 5
Douala III,Logbaba,Douala 3
Douala III,Nyalla,Douala 3
Non précisé,Non précisé,Douala 3
Douala III,Japoma,Douala 3
Douala V,Cité Sic,Douala (Non précisé)
Non précisé,Non précisé,Douala (Non précisé)
Douala V,Bepanda,Douala (Non précisé)
Non précisé,Non précisé,Douala 3
Douala V,Cité des palmiers,Douala 3
Non précisé,Non précisé,Douala (Non précisé)
Douala III,Yassa,Douala 3
Douala I,Bonapriso,Douala 2
Douala II,Youpwé,Douala (Non précisé)
Non précisé,Non précisé,Douala 3
Douala III,Nylon,Douala 3
Non précisé,Non précisé,Douala (Non précisé)
Douala I,Ngodi,Douala (Non précisé)
Douala I,Deido,Douala 1
Non précisé,Non précisé,Douala 2
Douala V,Kotto,Douala (Non précisé)
Non précisé,Non précisé,Douala (Non précisé)
Non précisé,Non précisé,Douala 2
Douala I,Bonadibong,Douala 1
Non précisé,Non précisé,Douala (Non précisé)
Douala I,Bonadibong,Douala 1
Non précisé,Non précisé,Douala (Non précisé)
Douala III,Oyack,Douala (Non précisé)
Douala III,Japoma,Douala (Non précisé)
Non précisé,Non précisé,Douala (Non précisé)
Douala III,Ndogpassi,Douala (Non précisé)
Douala III,Ndogpassi,Douala (Non précisé)
Douala III,Ndogpassi,Douala (Non précisé)
Douala III,Ndogpassi,Douala (Non précisé)
Non précisé,Non précisé,Douala 5
Douala V,Kotto,Douala (Non précisé)
Douala V,Bonabeyike,Douala 4
Douala V,Bepanda,Douala 3
Non précisé,Non précisé,Yaoundé
Douala V,Ndogbong,Douala 3
Non précisé,Non précisé,Douala (Non précisé)
Douala V,Cité des palmiers,Douala (Non précisé)
Non précisé,Non précisé,Douala (Non précisé)
Non précisé,Non précisé,Douala 3
