arrondissement_de_residence,quartier_de_residence
Douala III,Yassa
Non précisé,Non précisé
Douala II,New Bell
Douala V,Ange Raphaël
Douala V,Beedi
Douala I,Deido
Douala (Non précisé),Non précisé
Non précisé,Non précisé
Douala 2,Non précisé
Douala III,Ndogpassi
Douala (Non précisé),Non précisé
Douala III,Yassa
Douala V,Ange Raphaël
Douala III,Japoma
Douala I,Bonadibong
Douala V,Ange Raphaël
Douala (Non précisé),Non précisé
Douala V,Cité Sic
Douala (Non précisé),Non précisé
Douala (Non précisé),Non précisé
Douala IV,Besseke
Douala (Non précisé),Non précisé
Douala I,Akwa
Douala (Non précisé),Non précisé
Yaoundé,Non précisé
Douala (Non précisé),Non précisé
Meiganga,Non précisé
Douala (Non précisé),Non précisé
Douala I,Deido
Douala (Non précisé),Non précisé
Non précisé,Non précisé
Douala (Non précisé),Non précisé
Douala V,Cité Sic
Douala (Non précisé),Non précisé
Douala V,Ndogbong
Douala III,Pk 9
Douala I,Deido
Douala I,Deïdo
Douala III,Brazzaville
Douala (Non précisé),Non précisé
Douala III,Nyalla
Douala (Non précisé),Non précisé
Douala III,Logbaba
Douala V,Bangue
Douala III,Logbaba
Non précisé,Non précisé
Douala V,Bonamoussadi
Douala V,Beedi
Douala 5,Non précisé
Douala (Non précisé),Non précisé
Douala V,Bonabeyike
Douala V,Logbessou
Douala I,Deido
Douala II,New Bell
Douala I,Deido
Douala III,Ndogpassi
Douala III,Boko
Douala V,Logpom
Douala III,Nyalla
Douala II,New Bell
Douala III,Nyalla
Douala III,Logbaba
Douala III,Nyalla
Non précisé,Non précisé
Douala III,Ndogpassi
Douala II,Youpwé
Douala II,New Bell
Douala (Non précisé),Non précisé
Douala (Non précisé),Non précisé
Douala (Non précisé),Non précisé
Douala V,Logpom
Douala III,Nyalla
Non précisé,Non précisé
Douala V,Bonamoussadi
Douala V,Bonabeyike
Douala 4,Non précisé
Douala III,Nyalla
Douala III,Yassa
Douala (Non précisé),Non précisé
Douala III,Pk 10
Douala III,Ndogpassi
Douala I,Akwa
Douala 3,Non précisé
Édéa,Non précisé
Douala 3,Non précisé
Douala III,Pk 10
Douala 3,Non précisé
Douala III,Nyalla
Douala (Non précisé),Non précisé
Douala V,Emene City
Douala V,Ndogbong
Douala III,Nyalla
Douala (Non précisé),Non précisé
Douala (Non précisé),Non précisé
Douala V,Bonamoussadi
Douala (Non précisé),Non précisé
Douala (Non précisé),Non précisé
Douala III,Ndogpassi
Douala III,Japoma
Non précisé,Non précisé
Douala III,Yassa
Douala (Non précisé),Non précisé
Non précisé,Non précisé
Édéa,Non précisé
Douala III,Pk 11
Douala (Non précisé),Non précisé
Douala I,Nkongmondo
Douala III,Pk 10
Douala V,Cité Sic
Douala III,Logbaba
Douala III,Ndogpassi
Douala III,Pk 10
Douala (Non précisé),Non précisé
Douala V,Makepe
Douala I,Nkongmondo
Douala III,Pk 10
Douala (Non précisé),Non précisé
Douala 3,Non précisé
Douala I,Akwa
Douala I,Bali
Yaoundé,Non précisé
Douala (Non précisé),Non précisé
Douala I,Ngodi
Douala III,Yassa
Douala I,Bonapriso
Douala III,Yassa
Douala V,Kotto
Douala V,Cité des palmiers
Douala (Non précisé),Non précisé
Douala III,Japoma
Douala I,Akwa
Douala III,Nyalla
Douala I,Bali
Douala III,Ndogpassi
Douala III,Ndogpassi
Douala I,Deido
Douala III,Bilongue
Douala II,New Bell
Douala (Non précisé),Non précisé
Douala (Non précisé),Non précisé
Douala II,New Bell
Douala (Non précisé),Non précisé
Non précisé,Non précisé
Douala (Non précisé),Non précisé
Douala (Non précisé),Non précisé
Douala 5,Non précisé
Douala III,Nyalla
Douala V,Kotto
Douala III,Pk 9
Douala I,Nkongmondo
Douala V,Logpom
Douala 5,Non précisé
Douala I,Grand Moulin
Douala (Non précisé),Non précisé
Yaoundé,Non précisé
Douala (Non précisé),Non précisé
Douala I,Bessengue
Douala III,Logbaba
Douala III,Ndogpassi
Douala 3,Non précisé
Douala (Non précisé),Non précisé
Douala III,Pk 9
Douala (Non précisé),Non précisé
Douala III,Ndogpassi
Douala 3,Non précisé
Douala V,Cité Sic
Douala III,Pk 9
Douala I,Bessengue
Douala III,Nyalla
Douala I,Nkongmondo
Douala III,Yassa
Douala V,Makepe
Douala 5,Non précisé
Douala (Non précisé),Non précisé
Douala 3,Non précisé
Douala III,Ndogpassi
Douala (Non précisé),Non précisé
Douala V,Bonabeyike
Douala III,Bilongue
Douala III,Pk 10
Douala 3,Non précisé
Douala 4,Non précisé
Douala I,Bali
Douala (Non précisé),Non précisé
Douala I,Bali
Yaoundé,Non précisé
Douala V,Ndogbong
Douala V,Malangue
Douala (Non précisé),Non précisé
Douala I,Deido
Douala II,New Bell
Douala I,Bonadibong
Douala 5,Non précisé
Douala III,Bilongue
Douala I,Akwa
Douala I,Nkongmondo
Douala (Non précisé),Non précisé
Douala I,Bessengue
Douala III,Yassa
Douala III,Japoma
Douala III,Pk 11
Douala V,Cité des palmiers
Douala V,Bonamoussadi
Douala 4,Non précisé
Douala III,Yassa
Douala (Non précisé),Non précisé
Douala (Non précisé),Non précisé
Douala 2,Non précisé
Douala (Non précisé),Non précisé
Douala III,Boko
Douala 3,Non précisé
Douala 4,Non précisé
Douala V,Bonabeyike
Douala V,Bepanda
Douala V,Bonamoussadi
Douala III,Oyack
Douala III,Ndogpassi
Douala III,Ndogpassi
Douala (Non précisé),Non précisé
Douala II,New Bell
Douala III,Nyalla
Douala (Non précisé),Non précisé
Douala III,Yassa
Douala III,Ndogpassi
Douala (Non précisé),Non précisé
Douala (Non précisé),Non précisé
Douala (Non précisé),Non précisé
Douala III,Ndogpassi
Douala (Non précisé),Non précisé
Douala I,Bonapriso
Douala (Non précisé),Non précisé
Douala (Non précisé),Non précisé
Douala (Non précisé),Non précisé
Douala (Non précisé),Non précisé
Douala (Non précisé),Non précisé
Douala III,Ndogpassi
Douala III,Ndogpassi
Douala 5,Non précisé
Douala 5,Non précisé
Douala V,Kotto
Douala I,Deido
Douala (Non précisé),Non précisé
Douala (Non précisé),Non précisé
Douala III,Boko
Douala 4,Non précisé
Douala 4,Non précisé
Yaoundé,Non précisé
Douala (Non précisé),Non précisé
Douala II,New Bell
Douala V,Logpom
Douala III,Ndogpassi
Douala V,Logpom
Douala III,Ndogpassi
Douala III,Bilongue
Douala (Non précisé),Non précisé
Non précisé,Non précisé
Douala III,Yassa
Douala 5,Non précisé
Douala III,Ndogpassi
Douala V,Ndogbong
Douala I,Ngodi
Douala V,Bonamoussadi
Douala (Non précisé),Non précisé
Douala III,Ndogpassi
Douala I,Deido
Douala 4,Non précisé
Douala (Non précisé),Non précisé
Douala (Non précisé),Non précisé
Douala I,Bonapriso
Douala I,Bali
Douala I,Bali
Douala V,Beedi
Douala III,Yassa
Manjo,Non précisé
Douala (Non précisé),Non précisé
Douala II,New Bell
Douala I,Deido
Douala 3,Non précisé
Douala III,Pk 10
Douala I,Bali
Douala III,Nyalla
Douala III,Yassa
Douala I,Akwa Nord
Douala I,Bonateki
Douala (Non précisé),Non précisé
Douala V,Ndogbong
Douala V,Kotto
Douala III,Nyalla
Douala I,Bali
Douala 6,Non précisé
Douala V,Cité des palmiers
Douala (Non précisé),Non précisé
Douala V,Malangue
Douala V,Malangue
Douala I,Deido
Douala 3,Non précisé
Douala (Non précisé),Non précisé
Douala I,Bessengue
Douala V,Ndogbong
Douala (Non précisé),Non précisé
Douala (Non précisé),Non précisé
Douala I,Bonateki
Douala III,Ndogpassi
Douala (Non précisé),Non précisé
Douala III,Yassa
Douala V,Bepanda
Douala II,New Bell
Douala III,Brazzaville
Douala I,Ngodi
Douala III,Logbaba
Douala III,Ndokoti
Douala II,New Bell
Douala III,Oyack
Douala II,New Bell
Douala (Non précisé),Non précisé
Douala III,Boko
Douala (Non précisé),Non précisé
Douala III,Ndogpassi
Douala III,Nyalla
Douala (Non précisé),Non précisé
Douala III,Boko
Douala V,Bepanda
Douala III,Nyalla
Douala (Non précisé),Non précisé
Douala V,Kotto
Douala 3,Non précisé
Douala V,Makepe
Non précisé,Non précisé
Douala 3,Non précisé
Douala V,Cité des palmiers
Douala (Non précisé),Non précisé
Non précisé,Non précisé
Douala (Non précisé),Non précisé
Douala (Non précisé),Non précisé
Tiko,Non précisé
Douala III,Yassa
Douala 3,Non précisé
Douala (Non précisé),Non précisé
Douala I,Bessengue
Non précisé,Non précisé
Douala V,Bepanda
Douala (Non précisé),Non précisé
Douala (Non précisé),Non précisé
Douala IV,Ndobo
Douala III,Boko
Douala 5,Non précisé
Douala (Non précisé),Non précisé
Douala 5,Non précisé
Non précisé,Non précisé
Douala (Non précisé),Non précisé
Douala V,Makepe
Bafoussam,Non précisé
Douala (Non précisé),Non précisé
Douala 2,Non précisé
Douala V,Bonamoussadi
Douala (Non précisé),Non précisé
Douala III,Logbaba
Douala III,Logbaba
Douala I,Bali
Douala III,Japoma
Douala (Non précisé),Non précisé
Douala V,Logbessou
Douala 4,Non précisé
Douala 5,Non précisé
Douala I,Deido
Douala (Non précisé),Non précisé
Douala III,Brazzaville
Douala (Non précisé),Non précisé
Douala III,Ndogpassi
Douala V,Bonabeyike
Douala (Non précisé),Non précisé
Douala V,Cité des palmiers
Douala II,Aéroport
Douala III,Pk 11
Douala II,Youpwé
Douala III,Nyalla
Douala 3,Non précisé
Douala V,Bonamoussadi
Douala I,Nkongmondo
Douala III,Pk 10
Douala V,Cité des palmiers
Douala (Non précisé),Non précisé
Douala I,Deido
Douala III,Oyack
Douala III,Nyalla
Douala (Non précisé),Non précisé
Douala III,Nyalla
Douala (Non précisé),Non précisé
Douala III,Logbaba
Douala V,Makepe
Douala III,Japoma
Douala III,Japoma
Douala III,Japoma
Non précisé,Non précisé
Non précisé,Non précisé
Douala (Non précisé),Non précisé
Douala I,Deido
Non précisé,Non précisé
Douala (Non précisé),Non précisé
Douala (Non précisé),Non précisé
Douala I,Ngodi
Douala V,Bonamoussadi
Douala III,Ndogpassi
Douala I,Bonakouamouang
Douala (Non précisé),Non précisé
Douala (Non précisé),Non précisé
Douala (Non précisé),Non précisé
Douala I,Deido
Yaoundé,Non précisé
Douala (Non précisé),Non précisé
Douala III,Pk 11
Douala (Non précisé),Non précisé
Douala III,Yassa
Douala I,Bonanjo
Douala III,Nyalla
Douala 3,Non précisé
Douala 3,Non précisé
Douala (Non précisé),Non précisé
Douala (Non précisé),Non précisé
Douala (Non précisé),Non précisé
Douala (Non précisé),Non précisé
Douala III,Logbaba
Douala III,Nyalla
Douala III,Cité Berge
Douala V,Ange Raphaël
Douala 3,Non précisé
Douala III,Pk 10
Non précisé,Non précisé
Douala (Non précisé),Non précisé
Douala III,Logbaba
Douala V,Cité des palmiers
Douala I,Akwa
Douala (Non précisé),Non précisé
Douala (Non précisé),Non précisé
Douala 2,Non précisé
Douala (Non précisé),Non précisé
Douala 4,Non précisé
Douala IV,Bonandale
Douala III,Ndokoti
Douala I,Bessengue
Douala III,Japoma
Douala III,Japoma
Douala (Non précisé),Non précisé
Douala (Non précisé),Non précisé
Douala III,Yassa
Douala V,Beedi
Douala V,Bepanda
Douala I,Deido
Douala III,Yassa
Douala V,Bonamoussadi
Douala II,New Bell
Douala III,Nyalla
Douala III,Ndogpassi
Douala III,Yassa
Douala (Non précisé),Non précisé
Douala I,Deido
Douala V,Ndogbong
Douala (Non précisé),Non précisé
Douala V,Bonamoussadi
Douala III,Nyalla
Douala V,Ndogbong
Douala I,Ngodi
Douala (Non précisé),Non précisé
Douala (Non précisé),Non précisé
Douala I,Ngodi
Douala III,Yassa
Douala (Non précisé),Non précisé
Douala (Non précisé),Non précisé
Douala III,Ndogpassi
Douala III,Japoma
Douala I,Bonapriso
Douala 3,Non précisé
Douala (Non précisé),Non précisé
Douala (Non précisé),Non précisé
Douala II,New Bell
Douala II,New Bell
Douala V,Bonamoussadi
Douala III,Boko
Douala I,Akwa
Douala V,Ndogbong
Douala V,Bonamoussadi
Douala (Non précisé),Non précisé
Douala V,Bepanda
Douala III,Ndogpassi
Douala (Non précisé),Non précisé
Douala (Non précisé),Non précisé
Douala III,Ndogpassi
Douala III,Pk 11
Douala II,New Bell
Douala 3,Non précisé
Douala V,Logbessou
Douala 3,Non précisé
Douala III,Pk 10
Douala (Non précisé),Non précisé
Douala V,Makepe
Douala 5,Non précisé
Douala III,Brazzaville
Douala I,Deido
Non précisé,Non précisé
Douala (Non précisé),Non précisé
Douala III,Ndogpassi
Douala III,Nyalla
Douala III,Boko
Douala III,Bilongue
Douala 4,Non précisé
Douala (Non précisé),Non précisé
Douala V,Logpom
Douala V,Kotto
Douala (Non précisé),Non précisé
Douala III,Nyalla
Douala V,Makepe
Douala III,Yassa
Douala 3,Non précisé
Douala III,Pk 10
Douala (Non précisé),Non précisé
Douala (Non précisé),Non précisé
Douala (Non précisé),Non précisé
Douala (Non précisé),Non précisé
Douala III,Boko
Douala (Non précisé),Non précisé
Douala (Non précisé),Non précisé
Douala III,Brazzaville
Douala III,Ndogpassi
Douala II,New Bell
Douala III,Boko
Douala V,Beedi
Douala (Non précisé),Non précisé
Douala III,Pk 10
Douala (Non précisé),Non précisé
Douala V,Bonamoussadi
Douala III,Boko
Douala (Non précisé),Non précisé
Douala III,Yassa
Douala V,Ndogbong
Douala III,Nyalla
Douala III,Bonanloka
Douala 3,Non précisé
Douala (Non précisé),Non précisé
Douala 3,Non précisé
Douala V,Ndogbong
Douala 5,Non précisé
Douala (Non précisé),Non précisé
Douala III,Yassa
Douala V,Ndogbong
Douala V,Bonamoussadi
Douala (Non précisé),Non précisé
Douala 3,Non précisé
Douala II,Ngangue
Douala III,Pk 11
Douala III,Japoma
Douala II,New Bell
Douala 2,Non précisé
Douala III,Boko
Douala V,Bonamoussadi
Douala (Non précisé),Non précisé
Douala III,Bilongue
Douala (Non précisé),Non précisé
Douala (Non précisé),Non précisé
Kribi,Non précisé
Douala V,Makepe
Douala III,Ndogpassi
Douala III,Ndogpassi
Douala (Non précisé),Non précisé
Douala V,Bonamoussadi
Douala V,Ndogsimbi
Douala I,Bonapriso
Douala (Non précisé),Non précisé
Douala (Non précisé),Non précisé
Douala V,Ndogbong
Douala III,Ndokoti
Douala 3,Non précisé
Douala (Non précisé),Non précisé
Douala (Non précisé),Non précisé
Douala II,New Bell
Douala V,Bonabeyike
Douala III,Logbaba
Douala 1,Non précisé
Douala III,Logbaba
Douala III,Ndogpassi
Douala III,Brazzaville
Douala (Non précisé),Non précisé
Douala (Non précisé),Non précisé
Douala III,Dibom
Douala III,Bilongue
Douala V,Beedi
Douala (Non précisé),Non précisé
Douala 5,Non précisé
Douala V,Bonamoussadi
Douala I,Ngodi
Douala (Non précisé),Non précisé
Douala 3,Non précisé
Douala III,Yassa
Douala I,Deido
Douala (Non précisé),Non précisé
Douala (Non précisé),Non précisé
Douala III,Pk 9
Douala III,Nyalla
Douala III,Nyalla
Douala V,Cité des palmiers
Douala V,Bepanda
Douala V,Bepanda
Douala II,New Bell
Douala I,Bali
Douala II,New Bell
Douala (Non précisé),Non précisé
Douala I,Nkongmondo
Douala (Non précisé),Non précisé
Douala 3,Non précisé
Douala II,New Bell
Douala I,Nkongmondo
Douala V,Bonamoussadi
Douala III,Cité Berge
Douala III,Pk 10
Douala 5,Non précisé
Douala (Non précisé),Non précisé
Douala I,Akwa
Douala V,Bepanda
Douala V,Bonabeyike
Douala I,Deido
Douala III,Ndokoti
Douala (Non précisé),Non précisé
Douala III,Brazzaville
Douala III,Ndogpassi
Douala (Non précisé),Non précisé
Douala I,Ngodi
Douala 5,Non précisé
Douala (Non précisé),Non précisé
Douala III,Boko
Douala III,Ndogpassi
Douala (Non précisé),Non précisé
Douala III,Ndogpassi
Douala V,Bepanda
Douala (Non précisé),Non précisé
Douala III,Bilongue
Douala I,Deido
Douala III,Yassa
Douala (Non précisé),Non précisé
Kribi,Non précisé
Douala III,Bilongue
Douala III,Pk 10
Douala 4,Non précisé
Douala (Non précisé),Non précisé
Douala V,Bonamoussadi
Douala II,New Bell
Douala V,Bonamoussadi
Douala (Non précisé),Non précisé
Douala V,Ndogbong
Douala I,Bali
Douala (Non précisé),Non précisé
Douala 4,Non précisé
Douala (Non précisé),Non précisé
Douala 2,Non précisé
Douala (Non précisé),Non précisé
Douala V,Bonamoussadi
Douala III,Ndogpassi
Douala V,Bepanda
Douala (Non précisé),Non précisé
Douala V,Logbessou
Douala V,Bonabeyike
Douala III,Ndogpassi
Douala 3,Non précisé
Douala III,Yassa
Douala V,Logpom
Douala V,Bepanda
Douala V,Logpom
Douala (Non précisé),Non précisé
Douala I,Bonapriso
Douala III,Brazzaville
Douala V,Bepanda
Douala (Non précisé),Non précisé
Douala III,Logbaba
Douala (Non précisé),Non précisé
Douala (Non précisé),Non précisé
Douala III,Ndogpassi
Douala (Non précisé),Non précisé
Douala III,Yassa
Douala II,New Bell
Douala (Non précisé),Non précisé
Douala III,Yassa
Douala (Non précisé),Non précisé
Douala (Non précisé),Non précisé
Douala (Non précisé),Non précisé
Douala V,Ndogbong
Douala (Non précisé),Non précisé
Douala (Non précisé),Non précisé
Douala V,Bepanda
Douala (Non précisé),Non précisé
Douala (Non précisé),Non précisé
Douala III,Cité de la Paix
Douala III,Boko
Douala 5,Non précisé
Douala (Non précisé),Non précisé
Douala I,Bonapriso
Douala V,Bepanda
Douala V,Malangue
Douala 5,Non précisé
Douala V,Makepe
Douala V,Bonamoussadi
Douala (Non précisé),Non précisé
Douala I,Ngodi
Douala (Non précisé),Non précisé
Douala 3,Non précisé
Douala (Non précisé),Non précisé
Douala II,New Bell
Douala (Non précisé),Non précisé
Douala III,Mbanga Bakoko
Douala 5,Non précisé
Douala (Non précisé),Non précisé
Douala V,Beedi
Douala V,Logbessou
Douala (Non précisé),Non précisé
Douala 6,Non précisé
Douala 3,Non précisé
Douala (Non précisé),Non précisé
Douala III,Oyack
Douala I,Akwa
Douala III,Ndogpassi
Douala III,Nyalla
Douala V,Bepanda
Douala III,Oyack
Douala (Non précisé),Non précisé
Douala 3,Non précisé
Douala I,Ngodi
Douala III,Bilongue
Douala V,Mbengue City
Douala III,Pk 11
Ouest,Non précisé
Douala I,Deido
Douala I,Bonapriso
Douala V,Cité des palmiers
Douala I,Bonapriso
Douala III,Ndogpassi
Douala I,Deido
Douala III,Logbaba
Douala II,New Bell
Douala (Non précisé),Non précisé
Douala (Non précisé),Non précisé
Douala V,Cité des palmiers
Douala V,Cité des palmiers
Douala III,Yassa
Douala (Non précisé),Non précisé
Douala 3,Non précisé
Douala II,New Bell
Douala I,Akwa
Douala (Non précisé),Non précisé
Douala I,Bessengue
Douala III,So-Boum
Douala 2,Non précisé
Douala III,Pk 17
Douala III,Song-Mahop
Douala V,Bonamoussadi
Douala (Non précisé),Non précisé
Douala 4,Non précisé
Njombé,Non précisé
Douala V,Cité Sic
Meiganga,Non précisé
Douala III,Ndogpassi
Douala III,Ndogpassi
Douala V,Makepe
Douala II,New Bell
Douala III,Nyalla
Douala (Non précisé),Non précisé
Douala V,Makepe
Douala III,Ndogpassi
Douala III,Ndogpassi
Douala V,Makepe
Douala III,Yassa
Douala (Non précisé),Non précisé
Douala (Non précisé),Non précisé
Douala I,Ngodi
Douala (Non précisé),Non précisé
Non précisé,Non précisé
Douala IV,Bonambappe
Douala V,Makepe
Douala (Non précisé),Non précisé
Douala V,Makepe
Douala V,Bangue
Douala II,New Bell
Douala (Non précisé),Non précisé
Douala III,Ndogpassi
Douala 3,Non précisé
Douala (Non précisé),Non précisé
Douala V,Makepe
Douala III,Cité de la Paix
Douala I,Deido
Douala III,Yassa
Douala III,Ndogpassi
Douala III,Cité de la Paix
Douala (Non précisé),Non précisé
Douala II,New Bell
Douala III,Nyalla
Douala (Non précisé),Non précisé
Douala V,Makepe
Douala (Non précisé),Non précisé
Douala III,Yassa
Douala III,Yassa
Douala I,Ngodi
Douala (Non précisé),Non précisé
Douala V,Cité Sic
Douala III,Nyalla
Douala (Non précisé),Non précisé
Douala III,Logbaba
Douala V,Cité des palmiers
Douala V,Cité des palmiers
Douala V,Cité Sic
Douala III,Pk 10
Douala (Non précisé),Non précisé
Douala IV,Bonaminkano
Douala (Non précisé),Non précisé
Douala V,Kotto
Douala I,Deido
Douala III,Ndogpassi
Douala (Non précisé),Non précisé
Douala I,Deido
Douala 4,Non précisé
Douala 3,Non précisé
Douala II,New Bell
Douala 3,Non précisé
Douala (Non précisé),Non précisé
Douala III,Boko
Douala (Non précisé),Non précisé
Douala V,Makepe
Douala III,Boko
Douala (Non précisé),Non précisé
Douala V,Beedi
Douala III,Nyalla
Édéa,Non précisé
Douala III,Logbaba
Douala III,Ndokoti
Douala III,Ndokoti
Douala (Non précisé),Non précisé
Douala III,Logbaba
Douala I,Bali
Douala III,Brazzaville
Douala V,Logbessou
Douala III,Cité de la Paix
Douala II,New Bell
Nkouabang,Non précisé
Douala 3,Non précisé
Douala III,Pk 9
Douala III,Pk 10
Douala (Non précisé),Non précisé
Douala V,Bonamoussadi
Douala I,Bali
Douala (Non précisé),Non précisé
Douala III,Pk 10
Douala (Non précisé),Non précisé
Douala III,Logbaba
Douala III,Logbaba
Douala V,Bonamoussadi
Douala V,Cité des palmiers
Douala II,New Bell
Douala (Non précisé),Non précisé
Douala III,Pk 11
Douala V,Beedi
Douala I,Akwa
Douala (Non précisé),Non précisé
Douala 3,Non précisé
Douala III,Cité Berge
Douala 3,Non précisé
Douala II,New Bell
Édéa,Non précisé
Douala (Non précisé),Non précisé
Douala III,Logbaba
Douala (Non précisé),Non précisé
Douala I,Akwa Nord
Douala 3,Non précisé
Douala V,Ndogbong
Douala 4,Non précisé
Douala III,Pk 10
Douala (Non précisé),Non précisé
Douala IV,Ndobo
Douala III,Bonanloka
Douala (Non précisé),Non précisé
Douala (Non précisé),Non précisé
Douala (Non précisé),Non précisé
Douala III,Pk 10
Douala V,Bepanda
Douala (Non précisé),Non précisé
Douala V,Logbessou
Douala III,Ndogpassi
Douala IV,Ndobo
Douala V,Beedi
Douala (Non précisé),Non précisé
Douala (Non précisé),Non précisé
Douala III,Nyalla
Douala (Non précisé),Non précisé
Douala III,Nyalla
Douala III,Nyalla
Douala III,Boko
Douala III,Boko
Douala III,Boko
Douala III,Ndogpassi
Douala (Non précisé),Non précisé
Douala (Non précisé),Non précisé
Douala I,Bali
Douala 1,Non précisé
Douala 4,Non précisé
Douala (Non précisé),Non précisé
Douala (Non précisé),Non précisé
Douala V,Ange Raphaël
Douala I,Ngodi
Douala (Non précisé),Non précisé
Douala (Non précisé),Non précisé
Douala (Non précisé),Non précisé
Douala (Non précisé),Non précisé
Douala (Non précisé),Non précisé
Douala 3,Non précisé
Douala III,Brazzaville
Douala (Non précisé),Non précisé
Douala (Non précisé),Non précisé
Douala (Non précisé),Non précisé
Douala III,Pk 9
Douala III,Nyalla
Douala (Non précisé),Non précisé
Douala (Non précisé),Non précisé
Douala (Non précisé),Non précisé
Douala (Non précisé),Non précisé
Douala III,Boko
Douala V,Makepe
Douala III,Yassa
Douala V,Makepe
Douala (Non précisé),Non précisé
Douala III,Pk 9
Douala II,New Bell
Douala (Non précisé),Non précisé
Douala II,New Bell
Douala I,Akwa Nord
Douala I,Bonapriso
Douala V,Beedi
Douala III,Mbanga Bakoko
Douala (Non précisé),Non précisé
Douala I,Bali
Douala 4,Non précisé
Douala (Non précisé),Non précisé
Douala (Non précisé),Non précisé
Édéa,Non précisé
Douala (Non précisé),Non précisé
Douala I,Akwa
Douala V,Makepe
Non précisé,Non précisé
Douala (Non précisé),Non précisé
Douala (Non précisé),Non précisé
Douala 3,Non précisé
Douala V,Logpom
Douala III,Boko
Douala I,Ngodi
Douala I,Ngodi
Douala V,Bepanda
Douala V,Kotto
Douala V,Bonamoussadi
Douala (Non précisé),Non précisé
Douala 4,Non précisé
Douala V,Bepanda
Douala (Non précisé),Non précisé
Douala II,New Bell
Douala 4,Non précisé
Douala I,Bonanjo
Douala V,Cité des palmiers
Douala V,Bonamoussadi
Douala I,Bonanjo
Douala III,Nyalla
Douala III,Pk 10
Non précisé,Non précisé
Douala III,Pk 9
Douala III,Pk 10
Douala 4,Non précisé
Douala I,Nkongmondo
Douala III,Ndokoti
Douala (Non précisé),Non précisé
Douala V,Bonamoussadi
Douala (Non précisé),Non précisé
Douala (Non précisé),Non précisé
Douala (Non précisé),Non précisé
Douala III,Nyalla
Douala (Non précisé),Non précisé
Douala III,Nyalla
Douala 3,Non précisé
Douala (Non précisé),Non précisé
Douala (Non précisé),Non précisé
Non précisé,Non précisé
Douala V,Kotto
Douala III,Ndogpassi
Douala V,Bonamoussadi
Douala 6,Non précisé
Douala (Non précisé),Non précisé
Douala V,Beedi
Douala III,Logbaba
Douala III,Nyalla
Douala V,Bonamoussadi
Douala (Non précisé),Non précisé
Douala I,Deido
Douala V,Bonamoussadi
Douala V,Bonamoussadi
Douala V,Makepe
Douala V,Bepanda
Douala III,Japoma
Douala III,Cité de la Paix
Douala III,Pk 9
Douala III,Pk 11
Douala (Non précisé),Non précisé
Douala 3,Non précisé
Douala III,Ndogpassi
Douala I,Bessengue
Douala V,Cité des palmiers
Douala II,New Bell
Douala V,Kotto
Douala (Non précisé),Non précisé
Douala V,Bepanda
Douala III,Japoma
Douala II,New Bell
Douala I,Nkongmondo
Douala V,Cité des palmiers
Douala III,Ndogpassi
Douala (Non précisé),Non précisé
Douala III,Logbaba
Douala 5,Non précisé
Douala (Non précisé),Non précisé
Douala V,Logpom
Douala V,Logpom
Douala V,Logpom
Douala II,New Bell
Douala I,Deido
Douala (Non précisé),Non précisé
Douala I,Deido
Douala I,Akwa
Douala III,Japoma
Douala V,Cité Sic
Douala III,Japoma
Douala II,Aéroport
Douala III,Ndogpassi
Douala I,Ngodi
Non précisé,Non précisé
Douala V,Cité Sic
Douala III,Japoma
Douala (Non précisé),Non précisé
Douala 1,Non précisé
Douala 4,Non précisé
Douala 1,Non précisé
Douala III,Pk 21
Douala II,Bonadouma
Douala V,Ange Raphaël
Douala (Non précisé),Non précisé
Douala III,Ndogpassi
Douala III,Pk 9
Douala (Non précisé),Non précisé
Douala V,Bonabeyike
Douala (Non précisé),Non précisé
Douala I,Deido
Non précisé,Non précisé
Douala 4,Non précisé
Douala III,Yassa
Douala III,Pk 9
Douala III,Ndogpassi
Douala 5,Non précisé
Douala III,Ndogpassi
Douala III,Bonanloka
Douala III,Yassa
Douala III,Pk 9
Douala I,Akwa
Douala III,Pk 10
Douala V,Ndogsimbi
Douala I,Akwa Nord
Douala III,Yassa
Douala III,Japoma
Douala III,Yassa
Douala III,Boko
Douala II,Aéroport
Douala III,Logbaba
Douala III,Nyalla
Douala V,Bepanda
Douala III,Nyalla
Douala (Non précisé),Non précisé
Douala (Non précisé),Non précisé
Douala III,Logbaba
Douala (Non précisé),Non précisé
Douala (Non précisé),Non précisé
Douala III,Pk 10
Douala III,Ndogpassi
Douala III,Ndogpassi
Douala (Non précisé),Non précisé
Douala V,Makepe
Douala (Non précisé),Non précisé
Douala V,Logbessou
Douala (Non précisé),Non précisé
Douala V,Logbessou
Douala 3,Non précisé
Douala (Non précisé),Non précisé
Douala (Non précisé),Non précisé
Douala III,Pk 11
Douala III,Nyalla
Douala III,Bonanloka
Douala II,New Bell
Douala V,Cité Sic
Douala V,Bonabeyike
Douala I,Nkongmondo
Douala III,Logbaba
Douala V,Logbessou
Douala II,New Bell
Douala I,Deido
Douala (Non précisé),Non précisé
Douala I,Akwa
Douala 2,Non précisé
Douala III,Ndogpassi
Douala (Non précisé),Non précisé
Douala III,Mbanga Bakoko
Douala III,Tergal
Douala III,Yassa
Douala 3,Non précisé
Douala V,Ndogbong
Douala V,Nguibassal
Douala V,Ange Raphaël
Douala II,New Bell
Douala II,New Bell
Douala III,Yassa
Douala (Non précisé),Non précisé
Douala V,Bonamoussadi
Douala (Non précisé),Non précisé
Édéa,Non précisé
Douala (Non précisé),Non précisé
Douala 3,Non précisé
Douala V,Cité des palmiers
Douala V,Ndogbong
Douala V,Makepe
Douala 2,Non précisé
Douala (Non précisé),Non précisé
Douala III,Nyalla
Douala V,Bepanda
Douala III,Logbaba
Douala (Non précisé),Non précisé
Douala III,Logbaba
Douala (Non précisé),Non précisé
Douala III,Yassa
Douala (Non précisé),Non précisé
Douala III,Nyalla
Douala (Non précisé),Non précisé
Douala III,Nyalla
Douala V,Cité Sic
Douala (Non précisé),Non précisé
Douala III,Yassa
Douala III,Brazzaville
Douala III,Yassa
Non précisé,Non précisé
Douala (Non précisé),Non précisé
Douala (Non précisé),Non précisé
Douala II,New Bell
Édéa,Non précisé
Douala V,Bonamoussadi
Douala V,Ndogbong
Douala V,Kotto
Douala (Non précisé),Non précisé
Douala II,New Bell
Buéa,Non précisé
Douala III,Ndogpassi
Douala (Non précisé),Non précisé
Douala III,Ndogpassi
Douala III,Boko
Douala III,Ndogpassi
Douala (Non précisé),Non précisé
Douala III,Boko
Douala III,Ndokoti
Douala 3,Non précisé
Douala III,Pk 9
Douala V,Kotto
Douala III,Japoma
Douala (Non précisé),Non précisé
Douala III,Nyalla
Douala III,Nyalla
Douala III,Nyalla
Douala 4,Non précisé
Douala 3,Non précisé
Douala III,Pk 9
Douala 3,Non précisé
Douala V,Makepe
Douala I,Deido
Douala I,Bali
Douala I,Bali
Douala 5,Non précisé
Douala III,Ndogpassi
Douala III,Yassa
Douala V,Makepe
Douala III,Cité de la Paix
Douala 4,Non précisé
Douala II,New Bell
Douala 3,Non précisé
Douala (Non précisé),Non précisé
Douala I,Ngodi
Douala 3,Non précisé
Douala III,Brazzaville
Douala (Non précisé),Non précisé
Douala 3,Non précisé
Douala III,Yassa
Douala V,Beedi
Douala I,Ngodi
Douala III,Yassa
Douala V,Ndogbong
Douala III,Ndogpassi
Douala III,Japoma
Douala III,Logbaba
Douala III,Logbaba
Yaoundé,Non précisé
Douala III,Yassa
Douala III,Yassa
Douala (Non précisé),Non précisé
Douala III,Japoma
Douala (Non précisé),Non précisé
Douala (Non précisé),Non précisé
Douala III,Mbanga Bakoko
Douala III,Logbaba
Douala (Non précisé),Non précisé
Douala (Non précisé),Non précisé
Douala III,Ndogpassi
Douala V,Makepe
Douala (Non précisé),Non précisé
Douala I,Deido
Douala I,Bonapriso
Douala II,Congo
Douala III,Ndogpassi
Douala (Non précisé),Non précisé
Douala (Non précisé),Non précisé
Douala III,Yassa
Douala (Non précisé),Non précisé
Douala III,Logbaba
Douala (Non précisé),Non précisé
Douala III,Yassa
Douala III,Nyalla
Douala III,Yassa
Douala (Non précisé),Non précisé
Douala (Non précisé),Non précisé
Douala (Non précisé),Non précisé
Douala III,Ndogpassi
Douala V,Ndogbong
Douala (Non précisé),Non précisé
Douala (Non précisé),Non précisé
Douala V,Bepanda
Douala II,New Bell
Douala (Non précisé),Non précisé
Douala (Non précisé),Non précisé
Douala (Non précisé),Non précisé
Douala V,Beedi
Douala V,Cité Sic
Douala I,Nkongmondo
Douala (Non précisé),Non précisé
Douala V,Ndogbong
Douala V,Ndogbong
Buéa,Non précisé
Douala 4,Non précisé
Douala V,Bepanda
Douala I,Akwa
Douala (Non précisé),Non précisé
Douala III,Ndogpassi
Douala (Non précisé),Non précisé
Douala III,Song-Mahop
Douala (Non précisé),Non précisé
Douala V,Logbessou
Douala V,Logbessou
Douala (Non précisé),Non précisé
Douala III,Ndogpassi
Douala I,Bonateki
Douala V,Cité Sic
Douala III,Logbaba
Douala V,Ange Raphaël
Douala (Non précisé),Non précisé
Douala V,Makepe
Dschang,Non précisé
Yaoundé,Non précisé
Douala III,Ndokoti
Douala I,Nkongmondo
Douala II,New Bell
Douala (Non précisé),Non précisé
Douala (Non précisé),Non précisé
Douala V,Cité des palmiers
Douala (Non précisé),Non précisé
Douala V,Bepanda
Douala (Non précisé),Non précisé
Douala (Non précisé),Non précisé
Douala V,Bepanda
Douala 2,Non précisé
Douala (Non précisé),Non précisé
Douala (Non précisé),Non précisé
Douala III,Pk 10
Douala (Non précisé),Non précisé
Douala 4,Non précisé
Douala II,Aéroport
Douala (Non précisé),Non précisé
Douala (Non précisé),Non précisé
Douala III,Logbaba
Douala III,Dibom
Douala 3,Non précisé
Douala III,Yassa
Douala III,Yassa
Douala III,Ndogpassi
Douala 4,Non précisé
Douala III,Yassa
Bomono Ba Mbègué,Non précisé
Douala V,Bepanda
Douala II,New Bell
Douala (Non précisé),Non précisé
Buéa,Non précisé
Douala V,Bonamoussadi
Douala V,Ange Raphaël
Douala III,Ndogpassi
Douala (Non précisé),Non précisé
Douala 5,Non précisé
Douala (Non précisé),Non précisé
Douala V,Makepe
Douala 5,Non précisé
Douala (Non précisé),Non précisé
Douala (Non précisé),Non précisé
Douala (Non précisé),Non précisé
Douala V,Bepanda
Douala 5,Non précisé
Non précisé,Non précisé
Douala III,Yassa
Douala III,Yassa
Douala V,Bonamoussadi
Douala V,Cité Sic
Douala V,Makepe
Douala I,Bali
Douala (Non précisé),Non précisé
Douala III,Japoma
Douala V,Logbessou
Douala III,Cité de la Paix
Douala III,Pk 9
Édéa,Non précisé
Douala (Non précisé),Non précisé
Douala I,Bali
Douala (Non précisé),Non précisé
Édéa,Non précisé
Douala III,Pk 10
Douala 3,Non précisé
Édéa,Non précisé
Douala III,Japoma
Douala III,Logbaba
Douala V,Beedi
Douala V,Beedi
Douala V,Ndogbong
Douala I,Ngodi
Douala V,Cité des palmiers
Douala III,Logbaba
Douala I,Grand Moulin
Douala (Non précisé),Non précisé
Douala (Non précisé),Non précisé
Douala III,Nyalla
Douala IV,Bonandale
Douala V,Kotto
Douala 3,Non précisé
Douala I,Ngodi
Douala V,Bepanda
Douala V,Cité des palmiers
Douala (Non précisé),Non précisé
Douala III,Boko
Yaoundé,Non précisé
Douala V,Ange Raphaël
Douala V,Makepe
Douala V,Bepanda
Douala (Non précisé),Non précisé
Douala V,Cité des palmiers
Douala (Non précisé),Non précisé
Douala V,Ndogbong
Douala (Non précisé),Non précisé
Douala V,Bepanda
Douala III,Ndogpassi
Douala 3,Non précisé
Douala V,Makepe
Douala,Non précisé
Douala (Non précisé),Non précisé
Douala (Non précisé),Non précisé
Douala III,Pk 10
Douala III,Logbaba
Douala III,Logbaba
Douala V,Beedi
Douala V,Bepanda
Douala III,Yassa
Douala III,Pk 11
Douala (Non précisé),Non précisé
Douala (Non précisé),Non précisé
Douala (Non précisé),Non précisé
Douala 4,Non précisé
Douala III,Japoma
Douala (Non précisé),Non précisé
Douala V,Makepe
Douala V,Makepe
Douala V,Cité des palmiers
Douala III,Pk 10
Douala V,Makepe
Douala (Non précisé),Non précisé
Douala III,Oyack
Douala III,Logbaba
Douala (Non précisé),Non précisé
Douala 2,Non précisé
Douala (Non précisé),Non précisé
Douala III,Bilongue
Douala I,Akwa Nord
Douala (Non précisé),Non précisé
Douala I,Nkongmondo
Douala III,Pk 11
Douala I,Bonapriso
Douala V,Logpom
Douala I,Ngodi
Douala 5,Non précisé
Douala V,Makepe
Douala II,New Bell
Douala V,Bonabeyike
Douala V,Bonamoussadi
Douala V,Bonamoussadi
Douala V,Bonabeyike
Douala III,Ndogpassi
Douala 3,Non précisé
Douala V,Logpom
Douala V,Ange Raphaël
Douala V,Ndogbong
Douala I,Akwa Nord
Douala III,Logbaba
Non précisé,Non précisé
Douala III,Nyalla
Douala III,Yassa
Douala III,Yassa
Douala (Non précisé),Non précisé
Douala (Non précisé),Non précisé
Douala V,Bepanda
Douala 3,Non précisé
Non précisé,Non précisé
Douala III,Ndogpassi
Douala (Non précisé),Non précisé
Douala III,Logbaba
Douala III,Japoma
Douala III,Nyalla
Douala V,Logpom
Douala 5,Non précisé
Douala V,Bonamoussadi
Douala 3,Non précisé
Douala I,Deido
Douala (Non précisé),Non précisé
Douala (Non précisé),Non précisé
Douala (Non précisé),Non précisé
Douala (Non précisé),Non précisé
Douala V,Makepe
Douala III,Yassa
Douala 3,Non précisé
Douala (Non précisé),Non précisé
Douala III,Pk 10
Douala III,Nyalla
Douala (Non précisé),Non précisé
Douala 5,Non précisé
Douala (Non précisé),Non précisé
Douala 5,Non précisé
Douala III,Yassa
Douala (Non précisé),Non précisé
Douala 5,Non précisé
Douala (Non précisé),Non précisé
Douala I,Deido
Douala III,Logbaba
Douala II,Aéroport
Dikongmondo,Non précisé
Douala V,Cité des palmiers
Douala III,Nyalla
Douala V,Cité des palmiers
Douala V,Ndogsimbi
Douala III,Bonadiwoto
Douala III,Ndokoti
Douala (Non précisé),Non précisé
Douala II,New Bell
Douala I,Deido
Douala III,Oyack
Douala (Non précisé),Non précisé
Douala I,Deido
Douala (Non précisé),Non précisé
Douala (Non précisé),Non précisé
Douala (Non précisé),Non précisé
Douala 3,Non précisé
Douala III,Pk 10
Douala III,Pk 10
Douala II,New Bell
Douala (Non précisé),Non précisé
Douala (Non précisé),Non précisé
Douala V,Ndogbong
Douala I,Ngodi
Douala (Non précisé),Non précisé
Douala I,Nkongmondo
Douala 4,Non précisé
Douala (Non précisé),Non précisé
Douala (Non précisé),Non précisé
Douala I,Bonakouamouang
Douala V,Ange Raphaël
Douala III,Ndokoti
Douala (Non précisé),Non précisé
Douala (Non précisé),Non précisé
Limbe,Non précisé
Douala III,Oyack
Douala V,Bonamoussadi
Douala II,New Bell
Douala I,Bonadoumbé
Douala I,Akwa Nord
Douala V,Logpom
Douala 3,Non précisé
Douala III,Nyalla
Douala II,New Bell
Douala I,Deido
Douala 4,Non précisé
Douala II,New Bell
Douala (Non précisé),Non précisé
Douala V,Logbessou
Douala III,Nyalla
Douala III,Pk 10
Douala I,Deido
Douala V,Bonamoussadi
Douala 3,Non précisé
Douala 4,Non précisé
Douala I,Deido
Douala 2,Non précisé
Non précisé,Non précisé
Douala III,Pk 9
Douala (Non précisé),Non précisé
Douala (Non précisé),Non précisé
Douala (Non précisé),Non précisé
Douala (Non précisé),Non précisé
Douala I,Bali
Douala III,Logbaba
Douala V,Kotto
Douala (Non précisé),Non précisé
Douala (Non précisé),Non précisé
Douala (Non précisé),Non précisé
Douala V,Bonabeyike
Douala I,Nkongmondo
Douala (Non précisé),Non précisé
Douala (Non précisé),Non précisé
Douala (Non précisé),Non précisé
Douala II,New Bell
Douala I,Bali
Douala 4,Non précisé
Douala (Non précisé),Non précisé
Douala I,Akwa
Douala I,Akwa
Douala III,Nyalla
Douala III,Brazzaville
Douala 5,Non précisé
Douala (Non précisé),Non précisé
Douala 3,Non précisé
Douala III,Bilongue
Douala I,Nkongmondo
Douala V,Logbessou
Douala V,Beedi
Douala I,Nkongmondo
Douala III,Nyalla
Douala (Non précisé),Non précisé
Douala (Non précisé),Non précisé
Douala V,Cité Sic
Douala I,Ngodi
Douala (Non précisé),Non précisé
Douala V,Makepe
Douala (Non précisé),Non précisé
Douala I,Akwa
Non précisé,Non précisé
Douala III,Ndogpassi
Douala V,Bepanda
Douala III,Dibom
Non précisé,Non précisé
Douala (Non précisé),Non précisé
Douala III,Logbaba
Douala V,Makepe
Douala III,Nyalla
Douala (Non précisé),Non précisé
Douala (Non précisé),Non précisé
Douala 4,Non précisé
Douala (Non précisé),Non précisé
Douala I,Bonapriso
Douala III,Oyack
Douala I,Bali
Douala III,Cité Berge
Douala (Non précisé),Non précisé
Douala III,Ndogpassi
Non précisé,Non précisé
Douala III,Cité de la Paix
Douala III,Yassa
Douala V,Bepanda
Douala III,Nyalla
Douala (Non précisé),Non précisé
Douala III,Yassa
Douala III,Ndogpassi
Douala (Non précisé),Non précisé
Douala III,Tergal
Douala III,Boko
Non précisé,Non précisé
Douala (Non précisé),Non précisé
Douala I,Deido
Douala (Non précisé),Non précisé
Yaoundé,Non précisé
Douala III,Ndogpassi
Douala III,Ndogpassi
Douala (Non précisé),Non précisé
Douala III,Bilongue
Douala 4,Non précisé
Douala III,Bilongue
Douala III,Cité Berge
Douala V,Logpom
Douala II,New Bell
Douala III,Ndogpassi
Douala III,Brazzaville
Douala (Non précisé),Non précisé
Douala (Non précisé),Non précisé
Douala III,Nyalla
Douala III,Ndogpassi
Douala I,Deido
Douala V,Bepanda
Douala III,Ndogpassi
Douala III,Ndogpassi
Douala (Non précisé),Non précisé
Douala (Non précisé),Non précisé
Douala III,Pk 11
Douala I,Bonateki
Douala III,Nyalla
Douala V,Kotto
Douala III,Ndogpassi
Douala III,Pk 21
Douala III,Nyalla
Douala V,Malangue
Douala (Non précisé),Non précisé
Douala (Non précisé),Non précisé
Douala III,Ndogpassi
Douala III,Ndogpassi
Douala (Non précisé),Non précisé
Non précisé,Non précisé
Douala (Non précisé),Non précisé
Douala V,Bepanda
Douala III,Yassa
Douala I,Bonapriso
Douala (Non précisé),Non précisé
Douala (Non précisé),Non précisé
Douala III,Boko
Douala I,Deido
Douala II,New Bell
Douala V,Logpom
Douala 5,Non précisé
Douala 3,Non précisé
Douala V,Kotto
Douala V,Logpom
Douala (Non précisé),Non précisé
Douala III,Boko
Douala III,Pk 10
Douala III,Ndogpassi
Douala III,Ndogpassi
Douala V,Logbessou
Douala III,Japoma
Douala III,Dibom
Non précisé,Non précisé
Douala V,Ange Raphaël
Douala V,Logpom
Douala V,Ndogbong
Douala (Non précisé),Non précisé
Douala (Non précisé),Non précisé
Douala III,Pk 11
Douala (Non précisé),Non précisé
Douala (Non précisé),Non précisé
Douala III,Yassa
Douala V,Kotto
Douala III,Yassa
Non précisé,Non précisé
Douala III,Tergal
Douala II,New Bell
Douala III,Yassa
Douala (Non précisé),Non précisé
Douala (Non précisé),Non précisé
Non précisé,Non précisé
Douala V,Cité Sic
Douala V,Bonamoussadi
Douala III,Logbaba
Douala II,New Bell
Douala III,Logbaba
Douala III,Yassa
Douala III,Logbaba
Douala III,Ndogpassi
Douala 3,Non précisé
Douala II,New Bell
Douala (Non précisé),Non précisé
Douala I,Ngodi
Douala (Non précisé),Non précisé
Douala V,Bepanda
Douala III,Bilongue
Douala I,Bessengue
Douala II,New Bell
Douala I,Bali
Douala I,Bali
Douala (Non précisé),Non précisé
Douala I,Bali
Douala 5,Non précisé
Douala I,Ngodi
Douala V,Bonabeyike
Douala V,Bepanda
Douala (Non précisé),Non précisé
Douala V,Ndogbong
Douala V,Logpom
Douala (Non précisé),Non précisé
Douala V,Makepe
Douala III,Yassa
Douala (Non précisé),Non précisé
Douala III,Pk 11
Douala (Non précisé),Non précisé
Douala III,Nyalla
Douala 3,Non précisé
Sud-Ouest Tombel,Non précisé
Douala III,Pk 11
Douala V,Logbessou
Douala V,Logbessou
Douala V,Kotto
Douala V,Bepanda
Douala III,Mbanga Bakoko
Douala III,Nyalla
Yaoundé,Non précisé
Douala V,Bonamoussadi
Non précisé,Non précisé
Douala II,New Bell
Douala 3,Non précisé
Douala V,Bonamoussadi
Douala V,Bonamoussadi
Douala (Non précisé),Non précisé
Douala V,Ndogmbe
Douala (Non précisé),Non précisé
Douala (Non précisé),Non précisé
Douala (Non précisé),Non précisé
Douala 5,Non précisé
Douala 5,Non précisé
Douala I,Ngodi
Douala (Non précisé),Non précisé
Douala V,Makepe
Douala I,Nkongmondo
Douala (Non précisé),Non précisé
Douala 3,Non précisé
Douala (Non précisé),Non précisé
Douala (Non précisé),Non précisé
Douala II,Youpwé
Douala V,Makepe
Douala V,Cité Sic
Douala (Non précisé),Non précisé
Douala III,Pk 17
Douala II,New Bell
Douala III,Ndogpassi
Douala I,Deido
Douala 3,Non précisé
Douala V,Ange Raphaël
Douala 3,Non précisé
Douala V,Bepanda
Douala III,Logbaba
Douala V,Bepanda
Douala III,Pk 10
Douala (Non précisé),Non précisé
Douala V,Bonamoussadi
Douala V,Ange Raphaël
Douala III,Pk 10
Douala (Non précisé),Non précisé
Douala (Non précisé),Non précisé
Douala V,Bepanda
Douala 5,Non précisé
Douala V,Logpom
Douala III,Nyalla
Douala I,Deido
Douala III,Yassa
Douala III,Nyalla
Douala III,Boko
Douala V,Mbengue City
Douala (Non précisé),Non précisé
Douala III,Yassa
Douala III,Ndogpassi
Douala V,Logpom
Douala III,Ndogpassi
Douala (Non précisé),Non précisé
Douala III,Boko
Douala (Non précisé),Non précisé
Douala III,Pk 10
Douala (Non précisé),Non précisé
Douala III,Ndogpassi
Douala III,Ndogpassi
Douala 4,Non précisé
Douala 3,Non précisé
Douala (Non précisé),Non précisé
Douala (Non précisé),Non précisé
Douala II,New Bell
Douala (Non précisé),Non précisé
Douala I,Ngodi
Douala III,Nyalla
Douala V,Bepanda
Douala (Non précisé),Non précisé
Douala III,Yassa
Douala III,Pk 9
Douala (Non précisé),Non précisé
Douala V,Kotto
Douala 3,Non précisé
Douala (Non précisé),Non précisé
Douala (Non précisé),Non précisé
Douala (Non précisé),Non précisé
Douala (Non précisé),Non précisé
Douala II,New Bell
Douala IV,Ndobo
Yaoundé,Non précisé
Douala V,Cité des palmiers
Douala 4,Non précisé
Douala III,Boko
Douala III,Ndogpassi
Douala 5,Non précisé
Douala V,Bepanda
Douala 5,Non précisé
Douala III,Logbaba
Douala III,Nyalla
Douala 3,Non précisé
Douala III,Japoma
Douala V,Cité Sic
Douala (Non précisé),Non précisé
Douala V,Bepanda
Douala 3,Non précisé
Douala V,Cité des palmiers
Douala (Non précisé),Non précisé
Douala III,Yassa
Douala I,Bonapriso
Douala II,Youpwé
Douala 3,Non précisé
Douala III,Nylon
Douala (Non précisé),Non précisé
Douala I,Ngodi
Douala I,Deido
Douala 2,Non précisé
Douala V,Kotto
Douala (Non précisé),Non précisé
Douala 2,Non précisé
Douala I,Bonadibong
Douala (Non précisé),Non précisé
Douala I,Bonadibong
Douala (Non précisé),Non précisé
Douala III,Oyack
Douala III,Japoma
Douala (Non précisé),Non précisé
Douala III,Ndogpassi
Douala III,Ndogpassi
Douala III,Ndogpassi
Douala III,Ndogpassi
Douala 5,Non précisé
Douala V,Kotto
Douala V,Bonabeyike
Douala V,Bepanda
Yaoundé,Non précisé
Douala V,Ndogbong
Douala (Non précisé),Non précisé
Douala V,Cité des palmiers
Douala (Non précisé),Non précisé
Douala 3,Non précisé
