arrondissement_de_residence,quartier_de_residence,arrondissement_de_residence
Douala 3,Yassa,Douala III
Non précisé,Non précisé,
Douala 1,New Bell,Douala II
Douala 1,New Bell,Douala II
Douala 5,Ange Raphaël,Douala V
Douala (Non précisé),Beedi,Douala V
Douala (Non précisé),Deido,Douala I
Douala (Non précisé),Non précisé,
Non précisé,Non précisé,
Douala 2,Non précisé,
Douala 3,Ndogpassi,Douala III
Douala (Non précisé),Non précisé,
Douala (Non précisé),Yassa,Douala III
Douala (Non précisé),Ange Raphaël,Douala V
Douala 3,Japoma,Douala III
Douala (Non précisé),Bonadibong,Douala I
Douala (Non précisé),Ange Raphaël,Douala V
Douala (Non précisé),Non précisé,
Douala 5,Cité Sic,Douala V
Douala (Non précisé),Non précisé,
Douala (Non précisé),Non précisé,
Douala 4,Besseke,Douala IV
Douala (Non précisé),Non précisé,
Douala (Non précisé),Akwa,Douala I
Douala (Non précisé),Akwa,Douala I
Douala (Non précisé),Non précisé,
Yaoundé,Non précisé,
Douala (Non précisé),Non précisé,
Meiganga,Non précisé,
Douala (Non précisé),Non précisé,
Douala 1,Deido,Douala I
Douala (Non précisé),Non précisé,
Non précisé,Non précisé,
Douala (Non précisé),Non précisé,
Douala (Non précisé),Cité Sic,Douala V
Douala (Non précisé),Non précisé,
Douala 3,Ndogbong,Douala V
Douala 5,Pk 9,Douala III
Douala (Non précisé),Deido,Douala I
Douala 1,Deïdo,Douala I
Douala (Non précisé),Brazzaville,Douala III
Douala (Non précisé),Brazzaville,Douala III
Douala (Non précisé),Non précisé,
Douala 3,Nyalla,Douala III
Douala (Non précisé),Non précisé,
Douala 3,Logbaba,Douala III
Douala (Non précisé),Bangue,Douala V
Douala 3,Logbaba,Douala III
Non précisé,Non précisé,
Douala (Non précisé),Bonamoussadi,Douala V
Douala 3,Beedi,Douala V
Douala 5,Non précisé,
Douala (Non précisé),Non précisé,
Douala 4,Bonabeyike,Douala V
Douala (Non précisé),Logbessou,Douala V
Douala (Non précisé),Deido,Douala I
Douala (Non précisé),New Bell,Douala II
Douala (Non précisé),New Bell,Douala II
Douala (Non précisé),Deido,Douala I
Douala 5,Ndogpassi,Douala III
Douala 3,Boko,Douala III
Douala (Non précisé),Logpom,Douala V
Douala 3,Nyalla,Douala III
Douala (Non précisé),New Bell,Douala II
Douala (Non précisé),New Bell,Douala II
Douala (Non précisé),Nyalla,Douala III
Douala (Non précisé),Logbaba,Douala III
Douala 3,Nyalla,Douala III
Non précisé,Non précisé,
Douala 3,Ndogpassi,Douala III
Douala 2,Youpwé,Douala II
Douala (Non précisé),New Bell,Douala II
Douala (Non précisé),New Bell,Douala II
Douala (Non précisé),Non précisé,
Douala (Non précisé),Non précisé,
Douala (Non précisé),Non précisé,
Douala 3,Logpom,Douala V
Douala (Non précisé),Nyalla,Douala III
Non précisé,Non précisé,
Douala (Non précisé),Bonamoussadi,Douala V
Douala 4,Bonabeyike,Douala V
Douala 4,Non précisé,
Douala 3,Nyalla,Douala III
Douala 3,Yassa,Douala III
Douala (Non précisé),Non précisé,
Douala (Non précisé),Pk 10,Douala III
Douala (Non précisé),Ndogpassi,Douala III
Douala (Non précisé),Akwa,Douala I
Douala (Non précisé),Akwa,Douala I
Douala 3,Non précisé,
Édéa,Non précisé,
Douala 3,Non précisé,
Douala (Non précisé),Pk 10,Douala III
Douala 3,Non précisé,
Douala 3,Nyalla,Douala III
Douala (Non précisé),Non précisé,
Douala (Non précisé),Emene City,Douala V
Douala 3,Ndogbong,Douala V
Douala 3,Nyalla,Douala III
Douala (Non précisé),Non précisé,
Douala (Non précisé),Non précisé,
Douala 5,Bonamoussadi,Douala V
Douala (Non précisé),Non précisé,
Douala (Non précisé),Non précisé,
Douala 3,Ndogpassi,Douala III
Douala 3,Japoma,Douala III
Non précisé,Non précisé,
Douala 3,Yassa,Douala III
Douala (Non précisé),Non précisé,
Non précisé,Non précisé,
Édéa,Non précisé,
Douala 5,Pk 11,Douala III
Douala (Non précisé),Non précisé,
Douala 1,Nkongmondo,Douala I
Douala (Non précisé),Pk 10,Douala III
Douala (Non précisé),Cité Sic,Douala V
Douala 3,Logbaba,Douala III
Douala (Non précisé),Ndogpassi,Douala III
Douala (Non précisé),Pk 10,Douala III
Douala (Non précisé),Non précisé,
Douala 5,Makepe,Douala V
Douala 2,Nkongmondo,Douala I
Douala 5,Pk 10,Douala III
Douala (Non précisé),Non précisé,
Douala 3,Non précisé,
Douala 1,Akwa,Douala I
Douala 1,Akwa,Douala I
Douala 2,Bali,Douala I
Yaoundé,Non précisé,
Douala (Non précisé),Non précisé,
Douala (Non précisé),Ngodi,Douala I
Douala 3,Yassa,Douala III
Douala (Non précisé),Bonapriso,Douala I
Douala (Non précisé),Yassa,Douala III
Douala 5,Kotto,Douala V
Douala 5,Cité des palmiers,Douala V
Douala (Non précisé),Non précisé,
Douala (Non précisé),Japoma,Douala III
Douala (Non précisé),Akwa,Douala I
Douala (Non précisé),Akwa,Douala I
Douala 3,Nyalla,Douala III
Douala (Non précisé),Bali,Douala I
Douala 3,Ndogpassi,Douala III
Douala 5,Ndogpassi,Douala III
Douala 5,Deido,Douala I
Douala 3,Bilongue,Douala III
Douala 5,New Bell,Douala II
Douala 5,New Bell,Douala II
Douala (Non précisé),Non précisé,
Douala (Non précisé),Non précisé,
Douala (Non précisé),New Bell,Douala II
Douala (Non précisé),New Bell,Douala II
Douala (Non précisé),Non précisé,
Non précisé,Non précisé,
Douala (Non précisé),Non précisé,
Douala (Non précisé),Non précisé,
Douala 5,Non précisé,
Douala 3,Nyalla,Douala III
Douala 5,Kotto,Douala V
Douala 5,Pk 9,Douala III
Douala (Non précisé),Nkongmondo,Douala I
Douala 5,Logpom,Douala V
Douala 5,Non précisé,
Douala 4,Grand Moulin,Douala I
Douala (Non précisé),Non précisé,
Yaoundé,Non précisé,
Douala (Non précisé),Non précisé,
Douala (Non précisé),Bessengue,Douala I
Douala (Non précisé),Logbaba,Douala III
Douala (Non précisé),Ndogpassi,Douala III
Douala 3,Non précisé,
Douala (Non précisé),Non précisé,
Douala (Non précisé),Pk 9,Douala III
Douala (Non précisé),Non précisé,
Douala (Non précisé),Ndogpassi,Douala III
Douala 3,Non précisé,
Douala 3,Cité Sic,Douala V
Douala 5,Pk 9,Douala III
Douala (Non précisé),Bessengue,Douala I
Douala (Non précisé),Nyalla,Douala III
Douala (Non précisé),Nkongmondo,Douala I
Douala 3,Yassa,Douala III
Douala 5,Makepe,Douala V
Douala 5,Non précisé,
Douala (Non précisé),Non précisé,
Douala 3,Non précisé,
Douala (Non précisé),Ndogpassi,Douala III
Douala (Non précisé),Non précisé,
Douala 4,Bonabeyike,Douala V
Douala (Non précisé),Bilongue,Douala III
Douala 5,Pk 10,Douala III
Douala 3,Non précisé,
Douala 4,Non précisé,
Douala 2,Bali,Douala I
Douala (Non précisé),Non précisé,
Douala (Non précisé),Bali,Douala I
Yaoundé,Non précisé,
Douala (Non précisé),Ndogbong,Douala V
Douala 3,Malangue,Douala V
Douala (Non précisé),Non précisé,
Douala 1,Deido,Douala I
Douala 2,New Bell,Douala II
Douala 2,New Bell,Douala II
Douala (Non précisé),Bonadibong,Douala I
Douala 5,Non précisé,
Douala 3,Bilongue,Douala III
Douala (Non précisé),Akwa,Douala I
Douala (Non précisé),Akwa,Douala I
Douala (Non précisé),Nkongmondo,Douala I
Douala (Non précisé),Non précisé,
Douala 5,Bessengue,Douala I
Douala (Non précisé),Yassa,Douala III
Douala 3,Japoma,Douala III
Douala 5,Pk 11,Douala III
Douala 5,Cité des palmiers,Douala V
Douala (Non précisé),Bonamoussadi,Douala V
Douala 4,Non précisé,
Douala 3,Yassa,Douala III
Douala (Non précisé),Non précisé,
Douala (Non précisé),Non précisé,
Douala 2,Non précisé,
Douala (Non précisé),Non précisé,
Douala (Non précisé),Boko,Douala III
Douala 3,Non précisé,
Douala 4,Non précisé,
Douala 4,Bonabeyike,Douala V
Douala (Non précisé),Bepanda,Douala V
Douala 5,Bonamoussadi,Douala V
Oyack,Oyack,Douala III
Douala 3,Ndogpassi,Douala III
Douala 3,Ndogpassi,Douala III
Douala (Non précisé),Non précisé,
Douala 2,New Bell,Douala II
Douala 2,New Bell,Douala II
Douala 3,Nyalla,Douala III
Douala (Non précisé),Non précisé,
Douala 3,Yassa,Douala III
Douala (Non précisé),Ndogpassi,Douala III
Douala (Non précisé),Non précisé,
Douala (Non précisé),Non précisé,
Douala (Non précisé),Non précisé,
Douala (Non précisé),Ndogpassi,Douala III
Douala (Non précisé),Non précisé,
Douala (Non précisé),Bonapriso,Douala I
Douala (Non précisé),Non précisé,
Douala (Non précisé),Non précisé,
Douala (Non précisé),Non précisé,
Douala (Non précisé),Non précisé,
Douala (Non précisé),Non précisé,
Douala 3,Ndogpassi,Douala III
Douala 3,Ndogpassi,Douala III
Douala 5,Non précisé,
Douala 5,Non précisé,
Douala (Non précisé),Kotto,Douala V
Douala 1,Deido,Douala I
Douala (Non précisé),Non précisé,
Douala (Non précisé),Non précisé,
Douala (Non précisé),Boko,Douala III
Douala 4,Non précisé,
Douala 4,Non précisé,
Yaoundé,Non précisé,
Douala (Non précisé),Non précisé,
Douala (Non précisé),New Bell,Douala II
Douala (Non précisé),New Bell,Douala II
Douala (Non précisé),Logpom,Douala V
Douala 3,Ndogpassi,Douala III
Douala 5,Logpom,Douala V
Douala 3,Ndogpassi,Douala III
Douala (Non précisé),Bilongue,Douala III
Douala (Non précisé),Non précisé,
Non précisé,Non précisé,
Douala 3,Yassa,Douala III
Douala 5,Non précisé,
Douala (Non précisé),Ndogpassi,Douala III
Douala 5,Ndogbong,Douala V
Douala (Non précisé),Ngodi,Douala I
Douala (Non précisé),Bonamoussadi,Douala V
Douala (Non précisé),Non précisé,
Douala (Non précisé),Ndogpassi,Douala III
Douala (Non précisé),Deido,Douala I
Douala 4,Non précisé,
Douala (Non précisé),Non précisé,
Douala (Non précisé),Non précisé,
Douala (Non précisé),Bonapriso,Douala I
Douala (Non précisé),Bali,Douala I
Douala (Non précisé),Bali,Douala I
Douala 5,Beedi,Douala V
Douala 3,Yassa,Douala III
Manjo,Non précisé,
Douala (Non précisé),Non précisé,
Douala 2,New Bell,Douala II
Douala 2,New Bell,Douala II
Douala 5,Deido,Douala I
Douala 3,Non précisé,
Douala (Non précisé),Pk 10,Douala III
Douala 1,Bali,Douala I
Douala 3,Nyalla,Douala III
Douala 3,Yassa,Douala III
Douala 5,Akwa Nord,Douala I
Douala 1,Bonateki,Douala I
Douala (Non précisé),Non précisé,
Douala 5,Ndogbong,Douala V
Douala 5,Kotto,Douala V
Douala 3,Nyalla,Douala III
Douala (Non précisé),Bali,Douala I
Douala 6,Non précisé,
Douala 5,Cité des palmiers,Douala V
Douala (Non précisé),Non précisé,
Douala 3,Malangue,Douala V
Douala 3,Malangue,Douala V
Douala 1,Deido,Douala I
Douala 3,Non précisé,
Douala (Non précisé),Non précisé,
Douala 1,Bessengue,Douala I
Douala (Non précisé),Ndogbong,Douala V
Douala (Non précisé),Non précisé,
Douala (Non précisé),Non précisé,
Douala 1,Bonateki,Douala I
Douala 3,Ndogpassi,Douala III
Douala (Non précisé),Non précisé,
Douala 3,Yassa,Douala III
Douala 5,Bepanda,Douala V
Douala 2,New Bell,Douala II
Douala 2,New Bell,Douala II
Douala (Non précisé),Brazzaville,Douala III
Douala (Non précisé),Brazzaville,Douala III
Douala (Non précisé),Ngodi,Douala I
Douala (Non précisé),Logbaba,Douala III
Douala 3,Ndokoti,Douala III
Douala 2,New Bell,Douala II
Douala 2,New Bell,Douala II
Douala (Non précisé),Oyack,Douala III
Douala 2,New Bell,Douala II
Douala 2,New Bell,Douala II
Douala (Non précisé),Non précisé,
Douala (Non précisé),Boko,Douala III
Douala (Non précisé),Non précisé,
Douala 3,Ndogpassi,Douala III
Douala 3,Nyalla,Douala III
Douala (Non précisé),Non précisé,
Douala (Non précisé),Boko,Douala III
Douala (Non précisé),Bepanda,Douala V
Douala (Non précisé),Nyalla,Douala III
Douala (Non précisé),Non précisé,
Douala 5,Kotto,Douala V
Douala 3,Non précisé,
Douala 5,Makepe,Douala V
Non précisé,Non précisé,
Douala 3,Non précisé,
Douala (Non précisé),Cité des palmiers,Douala V
Douala (Non précisé),Non précisé,
Non précisé,Non précisé,
Douala (Non précisé),Non précisé,
Douala (Non précisé),Non précisé,
Tiko,Non précisé,
Douala 3,Yassa,Douala III
Douala 3,Non précisé,
Douala (Non précisé),Non précisé,
Douala 5,Bessengue,Douala I
Non précisé,Non précisé,
Douala (Non précisé),Bepanda,Douala V
Douala (Non précisé),Non précisé,
Douala (Non précisé),Non précisé,
Douala 4,Ndobo,Douala IV
Douala (Non précisé),Boko,Douala III
Douala 5,Non précisé,
Douala (Non précisé),Non précisé,
Douala 5,Non précisé,
Non précisé,Non précisé,
Douala (Non précisé),Non précisé,
Douala (Non précisé),Makepe,Douala V
Bafoussam,Non précisé,
Douala (Non précisé),Non précisé,
Douala 2,Non précisé,
Douala (Non précisé),Bonamoussadi,Douala V
Douala (Non précisé),Non précisé,
Douala 3,Logbaba,Douala III
Douala 3,Logbaba,Douala III
Douala 1,Bali,Douala I
Douala (Non précisé),Japoma,Douala III
Douala (Non précisé),Non précisé,
Douala (Non précisé),Logbessou,Douala V
Douala 4,Non précisé,
Douala 5,Non précisé,
Douala 1,Deido,Douala I
Douala (Non précisé),Non précisé,
Douala (Non précisé),Brazzaville,Douala III
Douala (Non précisé),Brazzaville,Douala III
Douala (Non précisé),Non précisé,
Douala (Non précisé),Ndogpassi,Douala III
Douala 4,Bonabeyike,Douala V
Douala (Non précisé),Non précisé,
Douala (Non précisé),Cité des palmiers,Douala V
Douala (Non précisé),Aéroport,Douala II
Douala (Non précisé),Pk 11,Douala III
Douala 2,Youpwé,Douala II
Douala 3,Nyalla,Douala III
Douala 3,Non précisé,
Douala (Non précisé),Bonamoussadi,Douala V
Douala 2,Nkongmondo,Douala I
Douala 5,Pk 10,Douala III
Douala (Non précisé),Cité des palmiers,Douala V
Douala (Non précisé),Non précisé,
Douala (Non précisé),Deido,Douala I
Douala (Non précisé),Oyack,Douala III
Douala 3,Nyalla,Douala III
Douala (Non précisé),Non précisé,
Douala (Non précisé),Nyalla,Douala III
Douala (Non précisé),Non précisé,
Douala (Non précisé),Logbaba,Douala III
Douala 5,Makepe,Douala V
Douala (Non précisé),Japoma,Douala III
Douala (Non précisé),Japoma,Douala III
Douala 3,Japoma,Douala III
Non précisé,Non précisé,
Non précisé,Non précisé,
Douala (Non précisé),Non précisé,
Douala (Non précisé),Deido,Douala I
Non précisé,Non précisé,
Douala (Non précisé),Non précisé,
Douala (Non précisé),Non précisé,
Douala (Non précisé),Ngodi,Douala I
Douala 5,Bonamoussadi,Douala V
Douala (Non précisé),Ndogpassi,Douala III
Douala 2,Bonakouamouang,Douala I
Douala (Non précisé),Non précisé,
Douala (Non précisé),Non précisé,
Douala (Non précisé),Non précisé,
Douala 1,Deido,Douala I
Yaoundé,Non précisé,
Douala (Non précisé),Non précisé,
Douala (Non précisé),Pk 11,Douala III
Douala (Non précisé),Non précisé,
Douala 3,Yassa,Douala III
Douala 1,Bonanjo,Douala I
Douala 3,Nyalla,Douala III
Douala 3,Non précisé,
Douala 3,Non précisé,
Douala (Non précisé),Non précisé,
Douala (Non précisé),Non précisé,
Douala (Non précisé),Non précisé,
Douala (Non précisé),Non précisé,
Douala 3,Logbaba,Douala III
Douala 3,Nyalla,Douala III
Douala (Non précisé),Cité Berge,Douala III
Douala (Non précisé),Ange Raphaël,Douala V
Douala 3,Non précisé,
Douala 5,Pk 10,Douala III
Non précisé,Non précisé,
Douala (Non précisé),Non précisé,
Douala 3,Logbaba,Douala III
Douala (Non précisé),Cité des palmiers,Douala V
Douala 1,Akwa,Douala I
Douala 1,Akwa,Douala I
Douala (Non précisé),Non précisé,
Douala (Non précisé),Non précisé,
Douala 2,Non précisé,
Douala (Non précisé),Non précisé,
Douala 4,Non précisé,
Douala 5,Bonandale,Douala IV
Douala (Non précisé),Ndokoti,Douala III
Douala 1,Bessengue,Douala I
Douala 3,Japoma,Douala III
Douala (Non précisé),Japoma,Douala III
Douala (Non précisé),Non précisé,
Douala (Non précisé),Non précisé,
Douala (Non précisé),Yassa,Douala III
Douala 5,Beedi,Douala V
Douala (Non précisé),Bepanda,Douala V
Douala (Non précisé),Deido,Douala I
Douala 3,Yassa,Douala III
Douala 5,Bonamoussadi,Douala V
Douala (Non précisé),New Bell,Douala II
Douala (Non précisé),New Bell,Douala II
Douala (Non précisé),Nyalla,Douala III
Douala (Non précisé),Ndogpassi,Douala III
Douala 3,Yassa,Douala III
Douala (Non précisé),Non précisé,
Douala 1,Deido,Douala I
Douala (Non précisé),Ndogbong,Douala V
Douala (Non précisé),Non précisé,
Douala (Non précisé),Bonamoussadi,Douala V
Douala 3,Nyalla,Douala III
Douala (Non précisé),Ndogbong,Douala V
Douala (Non précisé),Ngodi,Douala I
Douala (Non précisé),Non précisé,
Douala (Non précisé),Non précisé,
Douala 3,Ngodi,Douala I
Douala (Non précisé),Yassa,Douala III
Douala (Non précisé),Non précisé,
Douala (Non précisé),Non précisé,
Douala (Non précisé),Ndogpassi,Douala III
Douala (Non précisé),Japoma,Douala III
Douala (Non précisé),Bonapriso,Douala I
Douala 3,Non précisé,
Douala (Non précisé),Non précisé,
Douala (Non précisé),Non précisé,
Douala (Non précisé),New Bell,Douala II
Douala (Non précisé),New Bell,Douala II
Douala (Non précisé),New Bell,Douala II
Douala (Non précisé),New Bell,Douala II
Douala 5,Bonamoussadi,Douala V
Douala 3,Boko,Douala III
Douala 1,Akwa,Douala I
Douala 1,Akwa,Douala I
Douala (Non précisé),Ndogbong,Douala V
Douala 5,Bonamoussadi,Douala V
Douala (Non précisé),Non précisé,
Douala (Non précisé),Bepanda,Douala V
Douala 3,Ndogpassi,Douala III
Douala (Non précisé),Non précisé,
Douala (Non précisé),Non précisé,
Douala (Non précisé),Ndogpassi,Douala III
Douala (Non précisé),Pk 11,Douala III
Douala 2,New Bell,Douala II
Douala 2,New Bell,Douala II
Douala 3,Non précisé,
Douala (Non précisé),Logbessou,Douala V
Douala 3,Non précisé,
Douala (Non précisé),Pk 10,Douala III
Douala (Non précisé),Non précisé,
Douala 5,Makepe,Douala V
Douala 5,Non précisé,
Douala 3,Brazzaville,Douala III
Douala 3,Brazzaville,Douala III
Douala 1,Deido,Douala I
Non précisé,Non précisé,
Douala (Non précisé),Non précisé,
Douala 3,Ndogpassi,Douala III
Douala 3,Nyalla,Douala III
Douala (Non précisé),Boko,Douala III
Douala 3,Bilongue,Douala III
Douala 4,Non précisé,
Douala (Non précisé),Non précisé,
Douala 5,Logpom,Douala V
Douala (Non précisé),Kotto,Douala V
Douala (Non précisé),Non précisé,
Douala 3,Nyalla,Douala III
Douala (Non précisé),Makepe,Douala V
Douala 3,Yassa,Douala III
Douala 3,Non précisé,
Douala (Non précisé),Pk 10,Douala III
Douala (Non précisé),Non précisé,
Douala (Non précisé),Non précisé,
Douala (Non précisé),Non précisé,
Douala (Non précisé),Non précisé,
Douala (Non précisé),Boko,Douala III
Douala (Non précisé),Non précisé,
Douala (Non précisé),Non précisé,
Douala 3,Brazzaville,Douala III
Douala 3,Brazzaville,Douala III
Douala 3,Ndogpassi,Douala III
Douala 2,New Bell,Douala II
Douala 2,New Bell,Douala II
Douala 3,Boko,Douala III
Douala (Non précisé),Beedi,Douala V
Douala (Non précisé),Non précisé,
Douala 3,Pk 10,Douala III
Douala (Non précisé),Non précisé,
Douala 5,Bonamoussadi,Douala V
Douala 3,Boko,Douala III
Douala (Non précisé),Non précisé,
Douala 3,Yassa,Douala III
Douala (Non précisé),Ndogbong,Douala V
Douala (Non précisé),Nyalla,Douala III
Douala (Non précisé),Bonanloka,Douala III
Douala 3,Non précisé,
Douala (Non précisé),Non précisé,
Douala 3,Non précisé,
Douala (Non précisé),Ndogbong,Douala V
Douala 5,Non précisé,
Douala (Non précisé),Non précisé,
Douala 3,Yassa,Douala III
Douala (Non précisé),Ndogbong,Douala V
Douala 5,Bonamoussadi,Douala V
Douala (Non précisé),Non précisé,
Douala 3,Non précisé,
Douala 5,Ngangue,Douala II
Douala 5,Pk 11,Douala III
Douala 3,Japoma,Douala III
Douala 2,New Bell,Douala II
Douala 2,New Bell,Douala II
Douala 2,Non précisé,
Boko,Boko,Douala III
Douala 5,Bonamoussadi,Douala V
Douala (Non précisé),Non précisé,
Douala 3,Bilongue,Douala III
Douala (Non précisé),Non précisé,
Douala (Non précisé),Non précisé,
Kribi,Non précisé,
Douala 5,Makepe,Douala V
Douala (Non précisé),Ndogpassi,Douala III
Douala 3,Ndogpassi,Douala III
Douala (Non précisé),Non précisé,
Douala (Non précisé),Bonamoussadi,Douala V
Douala (Non précisé),Ndogsimbi,Douala III
Douala (Non précisé),Ndogsimbi,Douala V
Douala (Non précisé),Bonapriso,Douala I
Douala (Non précisé),Non précisé,
Douala (Non précisé),Non précisé,
Douala 5,Ndogbong,Douala V
Douala (Non précisé),Ndokoti,Douala III
Douala 3,Non précisé,
Douala (Non précisé),Non précisé,
Douala (Non précisé),Non précisé,
Douala 2,New Bell,Douala II
Douala 2,New Bell,Douala II
Douala 4,Bonabeyike,Douala V
Douala 3,Logbaba,Douala III
Douala 1,Non précisé,
Douala 3,Logbaba,Douala III
Douala 3,Ndogpassi,Douala III
Douala (Non précisé),Brazzaville,Douala III
Douala (Non précisé),Brazzaville,Douala III
Douala (Non précisé),Non précisé,
Douala (Non précisé),Non précisé,
Douala 4,Dibom,Douala III
Douala (Non précisé),Bilongue,Douala III
Douala 3,Beedi,Douala V
Douala (Non précisé),Non précisé,
Douala 5,Non précisé,
Douala 1,Bonamoussadi,Douala V
Douala (Non précisé),Ngodi,Douala I
Douala (Non précisé),Non précisé,
Douala 3,Non précisé,
Douala (Non précisé),Yassa,Douala III
Douala 1,Deido,Douala I
Douala (Non précisé),Non précisé,
Douala (Non précisé),Non précisé,
Douala 5,Pk 9,Douala III
Douala 3,Nyalla,Douala III
Douala 3,Nyalla,Douala III
Douala (Non précisé),Cité des palmiers,Douala V
Douala (Non précisé),Bepanda,Douala V
Douala (Non précisé),Bepanda,Douala V
Douala 2,New Bell,Douala II
Douala 2,New Bell,Douala II
Douala (Non précisé),Bali,Douala I
Douala 2,New Bell,Douala II
Douala 2,New Bell,Douala II
Douala (Non précisé),Non précisé,
Douala 2,Nkongmondo,Douala I
Douala (Non précisé),Non précisé,
Douala 3,Non précisé,
Douala (Non précisé),New Bell,Douala II
Douala (Non précisé),New Bell,Douala II
Douala 2,Nkongmondo,Douala I
Douala 5,Bonamoussadi,Douala V
Douala (Non précisé),Cité Berge,Douala III
Douala 5,Pk 10,Douala III
Douala 5,Non précisé,
Douala (Non précisé),Non précisé,
Douala 1,Akwa,Douala I
Douala 1,Akwa,Douala I
Douala 5,Bepanda,Douala V
Douala 4,Bonabeyike,Douala V
Douala 1,Deido,Douala I
Douala 3,Ndokoti,Douala III
Douala (Non précisé),Non précisé,
Douala 3,Brazzaville,Douala III
Douala 3,Brazzaville,Douala III
Douala 5,Ndogpassi,Douala III
Douala (Non précisé),Non précisé,
Douala 3,Ngodi,Douala I
Douala 5,Non précisé,
Douala (Non précisé),Non précisé,
Douala (Non précisé),Boko,Douala III
Douala 3,Ndogpassi,Douala III
Douala (Non précisé),Non précisé,
Douala (Non précisé),Ndogpassi,Douala III
Douala (Non précisé),Bepanda,Douala V
Douala (Non précisé),Non précisé,
Douala 3,Bilongue,Douala III
Douala 1,Deido,Douala I
Douala 3,Yassa,Douala III
Douala (Non précisé),Non précisé,
Kribi,Non précisé,
Douala (Non précisé),Bilongue,Douala III
Douala (Non précisé),Pk 10,Douala III
Douala 4,Non précisé,
Douala (Non précisé),Non précisé,
Douala 5,Bonamoussadi,Douala V
Douala 2,New Bell,Douala II
Douala 2,New Bell,Douala II
Douala 5,Bonamoussadi,Douala V
Douala (Non précisé),Non précisé,
Douala 3,Ndogbong,Douala V
Douala 1,Bali,Douala I
Douala (Non précisé),Non précisé,
Douala 4,Non précisé,
Douala (Non précisé),Non précisé,
Douala 2,Non précisé,
Douala (Non précisé),Non précisé,
Douala (Non précisé),Bonamoussadi,Douala V
Douala (Non précisé),Ndogpassi,Douala III
Douala (Non précisé),Bepanda,Douala V
Douala (Non précisé),Non précisé,
Douala 5,Logbessou,Douala V
Douala 4,Bonabeyike,Douala V
Douala (Non précisé),Ndogpassi,Douala III
Douala 3,Non précisé,
Douala 3,Yassa,Douala III
Douala 5,Logpom,Douala V
Douala (Non précisé),Bepanda,Douala V
Douala 5,Logpom,Douala V
Douala (Non précisé),Non précisé,
Douala (Non précisé),Bonapriso,Douala I
Douala (Non précisé),Brazzaville,Douala III
Douala (Non précisé),Brazzaville,Douala III
Douala (Non précisé),Bepanda,Douala V
Douala (Non précisé),Non précisé,
Douala (Non précisé),Logbaba,Douala III
Douala (Non précisé),Non précisé,
Douala (Non précisé),Non précisé,
Douala 3,Ndogpassi,Douala III
Douala (Non précisé),Non précisé,
Douala (Non précisé),Yassa,Douala III
Douala 5,New Bell,Douala II
Douala 5,New Bell,Douala II
Douala (Non précisé),Non précisé,
Douala 3,Yassa,Douala III
Douala (Non précisé),Non précisé,
Douala (Non précisé),Non précisé,
Douala (Non précisé),Non précisé,
Douala (Non précisé),Ndogbong,Douala V
Douala (Non précisé),Non précisé,
Douala (Non précisé),Non précisé,
Douala (Non précisé),Bepanda,Douala V
Douala (Non précisé),Non précisé,
Douala (Non précisé),Non précisé,
Douala (Non précisé),Cité de la Paix,Douala III
Douala (Non précisé),Boko,Douala III
Douala 5,Non précisé,
Douala (Non précisé),Non précisé,
Douala 2,Bonapriso,Douala I
Douala (Non précisé),Bepanda,Douala V
Douala (Non précisé),Malangue,Douala V
Douala 5,Non précisé,
Douala (Non précisé),Makepe,Douala V
Douala 1,Bonamoussadi,Douala V
Douala (Non précisé),Non précisé,
Douala (Non précisé),Ngodi,Douala I
Douala (Non précisé),Non précisé,
Douala 3,Non précisé,
Douala (Non précisé),Non précisé,
Douala 2,New Bell,Douala II
Douala 2,New Bell,Douala II
Douala (Non précisé),Non précisé,
Douala (Non précisé),Mbanga Bakoko,Douala III
Douala 5,Non précisé,
Douala (Non précisé),Non précisé,
Douala (Non précisé),Beedi,Douala V
Douala 5,Logbessou,Douala V
Douala (Non précisé),Non précisé,
Douala 6,Non précisé,
Douala 3,Non précisé,
Douala (Non précisé),Non précisé,
Douala 3,Oyack,Douala III
Douala 1,Akwa,Douala I
Douala 1,Akwa,Douala I
Douala (Non précisé),Ndogpassi,Douala III
Douala (Non précisé),Nyalla,Douala III
Douala (Non précisé),Bepanda,Douala V
Douala (Non précisé),Oyack,Douala III
Douala (Non précisé),Non précisé,
Douala 3,Non précisé,
Douala 3,Ngodi,Douala I
Douala 5,Bilongue,Douala III
Douala (Non précisé),Mbengue City,Douala V
Douala (Non précisé),Pk 11,Douala III
Ouest,Non précisé,
Douala 1,Deido,Douala I
Douala (Non précisé),Bonapriso,Douala I
Douala 5,Cité des palmiers,Douala V
Douala (Non précisé),Bonapriso,Douala I
Douala 3,Ndogpassi,Douala III
Douala 1,Deido,Douala I
Douala 3,Logbaba,Douala III
Douala 2,New Bell,Douala II
Douala 2,New Bell,Douala II
Douala (Non précisé),Non précisé,
Douala (Non précisé),Non précisé,
Douala (Non précisé),Cité des palmiers,Douala V
Douala 5,Cité des palmiers,Douala V
Douala 3,Yassa,Douala III
Douala (Non précisé),Non précisé,
Douala 3,Non précisé,
Douala 2,New Bell,Douala II
Douala 2,New Bell,Douala II
Douala 1,Akwa,Douala I
Douala 1,Akwa,Douala I
Douala (Non précisé),Non précisé,
Douala 1,Bessengue,Douala I
Non précisé,So-Boum,Douala III
Douala 2,Non précisé,
Douala (Non précisé),Pk 17,Douala III
Douala (Non précisé),Song-Mahop,Douala III
Douala 1,Bonamoussadi,Douala V
Douala (Non précisé),Non précisé,
Douala 4,Non précisé,
Njombé,Non précisé,
Douala 5,Cité Sic,Douala V
Meiganga,Non précisé,
Douala 3,Ndogpassi,Douala III
Douala 3,Ndogpassi,Douala III
Douala 5,Makepe,Douala V
Douala 2,New Bell,Douala II
Douala 2,New Bell,Douala II
Douala 3,Nyalla,Douala III
Douala (Non précisé),Non précisé,
Douala (Non précisé),Makepe,Douala V
Douala 3,Ndogpassi,Douala III
Douala (Non précisé),Ndogpassi,Douala III
Douala 5,Makepe,Douala V
Douala (Non précisé),Yassa,Douala III
Douala (Non précisé),Non précisé,
Douala (Non précisé),Non précisé,
Douala (Non précisé),Ngodi,Douala I
Douala (Non précisé),Non précisé,
Non précisé,Non précisé,
Douala 4,Bonambappe,Douala IV
Douala (Non précisé),Makepe,Douala V
Douala (Non précisé),Non précisé,
Douala (Non précisé),Makepe,Douala V
Douala (Non précisé),Bangue,Douala V
Douala (Non précisé),New Bell,Douala II
Douala (Non précisé),New Bell,Douala II
Douala (Non précisé),Non précisé,
Douala 3,Ndogpassi,Douala III
Douala 3,Non précisé,
Douala (Non précisé),Non précisé,
Douala 5,Makepe,Douala V
Douala 3,Cité de la Paix,Douala III
Douala (Non précisé),Deido,Douala I
Douala (Non précisé),Yassa,Douala III
Douala (Non précisé),Ndogpassi,Douala III
Douala (Non précisé),Cité de la Paix,Douala III
Douala (Non précisé),Non précisé,
Douala (Non précisé),New Bell,Douala II
Douala (Non précisé),New Bell,Douala II
Douala 3,Nyalla,Douala III
Douala (Non précisé),Non précisé,
Douala 5,Makepe,Douala V
Douala (Non précisé),Non précisé,
Douala (Non précisé),Yassa,Douala III
Douala 3,Yassa,Douala III
Douala 2,Ngodi,Douala I
Douala (Non précisé),Non précisé,
Douala 5,Cité Sic,Douala V
Douala 3,Nyalla,Douala III
Douala (Non précisé),Non précisé,
Douala 3,Logbaba,Douala III
Douala 3,Cité des palmiers,Douala V
Douala 5,Cité des palmiers,Douala V
Douala (Non précisé),Cité Sic,Douala V
Douala (Non précisé),Pk 10,Douala III
Douala (Non précisé),Non précisé,
Douala 4,Bonaminkano,Douala IV
Douala (Non précisé),Non précisé,
Douala 5,Kotto,Douala V
Douala 1,Deido,Douala I
Douala 3,Ndogpassi,Douala III
Douala (Non précisé),Non précisé,
Douala 1,Deido,Douala I
Douala 4,Non précisé,
Douala 3,Non précisé,
Douala 2,New Bell,Douala II
Douala 2,New Bell,Douala II
Douala 3,Non précisé,
Douala (Non précisé),Non précisé,
Douala 3,Boko,Douala III
Douala (Non précisé),Non précisé,
Douala 5,Makepe,Douala V
Douala (Non précisé),Boko,Douala III
Douala (Non précisé),Non précisé,
Douala (Non précisé),Beedi,Douala V
Douala (Non précisé),Nyalla,Douala III
Édéa,Non précisé,
Douala 3,Logbaba,Douala III
Douala (Non précisé),Ndokoti,Douala III
Douala (Non précisé),Ndokoti,Douala III
Douala (Non précisé),Non précisé,
Douala 3,Logbaba,Douala III
Douala (Non précisé),Bali,Douala I
Douala (Non précisé),Brazzaville,Douala III
Douala (Non précisé),Brazzaville,Douala III
Douala 5,Logbessou,Douala V
Douala (Non précisé),Cité de la Paix,Douala III
Douala (Non précisé),New Bell,Douala II
Douala (Non précisé),New Bell,Douala II
Nkouabang,Non précisé,
Douala 3,Non précisé,
Douala 3,Pk 9,Douala III
Douala (Non précisé),Pk 10,Douala III
Douala (Non précisé),Non précisé,
Douala (Non précisé),Bonamoussadi,Douala V
Douala (Non précisé),Bali,Douala I
Douala (Non précisé),Non précisé,
Douala 3,Pk 10,Douala III
Douala (Non précisé),Non précisé,
Douala 3,Logbaba,Douala III
Douala 3,Logbaba,Douala III
Douala 5,Bonamoussadi,Douala V
Douala 3,Cité des palmiers,Douala V
Douala (Non précisé),New Bell,Douala II
Douala (Non précisé),New Bell,Douala II
Douala (Non précisé),Non précisé,
Douala 5,Pk 11,Douala III
Douala 4,Beedi,Douala V
Douala 1,Akwa,Douala I
Douala 1,Akwa,Douala I
Douala (Non précisé),Non précisé,
Douala 3,Non précisé,
Douala 3,Cité Berge,Douala III
Douala 3,Non précisé,
Douala 2,New Bell,Douala II
Douala 2,New Bell,Douala II
Édéa,Non précisé,
Douala (Non précisé),Non précisé,
Douala 3,Logbaba,Douala III
Douala (Non précisé),Non précisé,
Douala 1,Akwa Nord,Douala I
Douala 3,Non précisé,
Douala (Non précisé),Ndogbong,Douala V
Douala 4,Non précisé,
Douala 5,Pk 10,Douala III
Douala (Non précisé),Non précisé,
Douala 5,Ndobo,Douala IV
Douala 3,Bonanloka,Douala III
Douala (Non précisé),Non précisé,
Douala (Non précisé),Non précisé,
Douala (Non précisé),Non précisé,
Douala (Non précisé),Pk 10,Douala III
Douala (Non précisé),Bepanda,Douala V
Douala (Non précisé),Non précisé,
Douala (Non précisé),Logbessou,Douala V
Douala 3,Ndogpassi,Douala III
Douala 5,Ndobo,Douala IV
Douala (Non précisé),Beedi,Douala V
Douala (Non précisé),Non précisé,
Douala (Non précisé),Non précisé,
Douala (Non précisé),Nyalla,Douala III
Douala (Non précisé),Non précisé,
Douala 3,Nyalla,Douala III
Douala 3,Nyalla,Douala III
Douala (Non précisé),Boko,Douala III
Douala (Non précisé),Boko,Douala III
Douala 3,Boko,Douala III
Douala 3,Ndogpassi,Douala III
Douala (Non précisé),Non précisé,
Douala (Non précisé),Non précisé,
Douala 1,Bali,Douala I
Douala 1,Non précisé,
Douala 4,Non précisé,
Douala (Non précisé),Non précisé,
Douala (Non précisé),Non précisé,
Douala (Non précisé),Ange Raphaël,Douala V
Ngodi Bakoko,Ngodi,Douala I
Douala (Non précisé),Non précisé,
Douala (Non précisé),Non précisé,
Douala (Non précisé),Non précisé,
Douala (Non précisé),Non précisé,
Douala (Non précisé),Non précisé,
Douala 3,Non précisé,
Douala 3,Brazzaville,Douala III
Douala 3,Brazzaville,Douala III
Douala (Non précisé),Non précisé,
Douala (Non précisé),Non précisé,
Douala (Non précisé),Non précisé,
Douala (Non précisé),Pk 9,Douala III
Douala (Non précisé),Nyalla,Douala III
Douala (Non précisé),Non précisé,
Douala (Non précisé),Non précisé,
Douala (Non précisé),Non précisé,
Douala (Non précisé),Non précisé,
Douala (Non précisé),Boko,Douala III
Douala (Non précisé),Makepe,Douala V
Douala (Non précisé),Yassa,Douala III
Douala 5,Makepe,Douala V
Douala (Non précisé),Non précisé,
Douala (Non précisé),Pk 9,Douala III
Douala (Non précisé),New Bell,Douala II
Douala (Non précisé),New Bell,Douala II
Douala (Non précisé),Non précisé,
Douala (Non précisé),New Bell,Douala II
Douala (Non précisé),New Bell,Douala II
Douala 1,Akwa Nord,Douala I
Douala (Non précisé),Bonapriso,Douala I
Douala (Non précisé),Beedi,Douala V
Douala (Non précisé),Mbanga Bakoko,Douala III
Douala (Non précisé),Non précisé,
Douala (Non précisé),Bali,Douala I
Douala 4,Non précisé,
Douala (Non précisé),Non précisé,
Douala (Non précisé),Non précisé,
Édéa,Non précisé,
Douala (Non précisé),Non précisé,
Douala 1,Akwa,Douala I
Douala 1,Akwa,Douala I
Douala (Non précisé),Makepe,Douala V
Non précisé,Non précisé,
Douala (Non précisé),Non précisé,
Douala (Non précisé),Non précisé,
Douala 3,Non précisé,
Douala 5,Logpom,Douala V
Douala 3,Boko,Douala III
Douala (Non précisé),Ngodi,Douala I
Douala (Non précisé),Ngodi,Douala I
Douala (Non précisé),Bepanda,Douala V
Douala 5,Kotto,Douala V
Douala 5,Bonamoussadi,Douala V
Douala (Non précisé),Non précisé,
Douala 4,Non précisé,
Douala 3,Bepanda,Douala V
Douala (Non précisé),Non précisé,
Douala 2,New Bell,Douala II
Douala 2,New Bell,Douala II
Douala 4,Non précisé,
Douala (Non précisé),Bonanjo,Douala I
Douala (Non précisé),Cité des palmiers,Douala V
Douala 1,Bonamoussadi,Douala V
Douala (Non précisé),Bonanjo,Douala I
Douala 3,Nyalla,Douala III
Douala 5,Pk 10,Douala III
Non précisé,Non précisé,
Douala (Non précisé),Pk 9,Douala III
Douala 5,Pk 10,Douala III
Douala 4,Non précisé,
Douala (Non précisé),Nkongmondo,Douala I
Douala 3,Ndokoti,Douala III
Douala (Non précisé),Non précisé,
Douala 3,Bonamoussadi,Douala V
Douala (Non précisé),Non précisé,
Douala (Non précisé),Non précisé,
Douala (Non précisé),Non précisé,
Douala (Non précisé),Nyalla,Douala III
Douala (Non précisé),Non précisé,
Douala (Non précisé),Nyalla,Douala III
Douala 3,Non précisé,
Douala (Non précisé),Non précisé,
Douala (Non précisé),Non précisé,
Non précisé,Non précisé,
Douala 5,Kotto,Douala V
Douala 3,Ndogpassi,Douala III
Douala 5,Bonamoussadi,Douala V
Douala 6,Non précisé,
Douala (Non précisé),Non précisé,
Douala (Non précisé),Beedi,Douala V
Douala (Non précisé),Logbaba,Douala III
Douala (Non précisé),Nyalla,Douala III
Douala 5,Bonamoussadi,Douala V
Douala (Non précisé),Non précisé,
Douala 1,Deido,Douala I
Douala 5,Bonamoussadi,Douala V
Douala 5,Bonamoussadi,Douala V
Douala (Non précisé),Makepe,Douala V
Douala 5,Bepanda,Douala V
Douala 3,Japoma,Douala III
Douala 3,Cité de la Paix,Douala III
Douala (Non précisé),Pk 9,Douala III
Douala 5,Pk 11,Douala III
Douala (Non précisé),Non précisé,
Douala 3,Non précisé,
Douala (Non précisé),Ndogpassi,Douala III
Douala (Non précisé),Bessengue,Douala I
Douala 5,Cité des palmiers,Douala V
Douala 2,New Bell,Douala II
Douala 2,New Bell,Douala II
Douala 5,Kotto,Douala V
Douala (Non précisé),Non précisé,
Douala 5,Bepanda,Douala V
Douala 3,Japoma,Douala III
Douala 2,New Bell,Douala II
Douala 2,New Bell,Douala II
Douala 2,Nkongmondo,Douala I
Douala 5,Cité des palmiers,Douala V
Douala 3,Ndogpassi,Douala III
Douala (Non précisé),Non précisé,
Douala (Non précisé),Logbaba,Douala III
Douala 5,Non précisé,
Douala (Non précisé),Non précisé,
Douala (Non précisé),Logpom,Douala V
Douala (Non précisé),Logpom,Douala V
Douala 3,Logpom,Douala V
Douala 2,New Bell,Douala II
Douala 2,New Bell,Douala II
Douala (Non précisé),Deido,Douala I
Douala (Non précisé),Non précisé,
Douala 1,Deido,Douala I
Douala 1,Akwa,Douala I
Douala 1,Akwa,Douala I
Douala 3,Japoma,Douala III
Douala (Non précisé),Cité Sic,Douala V
Douala 3,Japoma,Douala III
Douala 3,Aéroport,Douala II
Douala (Non précisé),Ndogpassi,Douala III
Douala (Non précisé),Ngodi,Douala I
Non précisé,Non précisé,
Douala 5,Cité Sic,Douala V
Douala 3,Japoma,Douala III
Douala (Non précisé),Non précisé,
Douala 1,Non précisé,
Douala 4,Non précisé,
Douala 1,Non précisé,
Douala (Non précisé),Pk 21,Douala III
Douala 2,Bonadouma,Douala I
Douala 2,Bonadouma,Douala II
Douala (Non précisé),Ange Raphaël,Douala V
Douala (Non précisé),Non précisé,
Douala 3,Ndogpassi,Douala III
Douala (Non précisé),Pk 9,Douala III
Douala (Non précisé),Non précisé,
Douala 4,Bonabeyike,Douala V
Douala (Non précisé),Non précisé,
Douala 1,Deido,Douala I
Non précisé,Non précisé,
Douala 4,Non précisé,
Douala 3,Yassa,Douala III
Douala 5,Pk 9,Douala III
Douala 3,Ndogpassi,Douala III
Douala 5,Non précisé,
Douala 3,Ndogpassi,Douala III
Douala 4,Bonanloka,Douala III
Douala 3,Yassa,Douala III
Douala 3,Pk 9,Douala III
Douala 1,Akwa,Douala I
Douala 1,Akwa,Douala I
Douala (Non précisé),Pk 10,Douala III
Douala 3,Ndogsimbi,Douala III
Douala 3,Ndogsimbi,Douala V
Douala 2,Akwa Nord,Douala I
Douala (Non précisé),Yassa,Douala III
Douala 3,Japoma,Douala III
Douala 3,Yassa,Douala III
Douala 3,Boko,Douala III
Douala (Non précisé),Aéroport,Douala II
Douala 3,Logbaba,Douala III
Douala 3,Nyalla,Douala III
Douala (Non précisé),Bepanda,Douala V
Douala 3,Nyalla,Douala III
Douala (Non précisé),Non précisé,
Douala (Non précisé),Non précisé,
Douala 3,Logbaba,Douala III
Douala (Non précisé),Non précisé,
Douala (Non précisé),Non précisé,
Douala 5,Pk 10,Douala III
Douala 3,Ndogpassi,Douala III
Douala (Non précisé),Ndogpassi,Douala III
Douala (Non précisé),Non précisé,
Douala 5,Makepe,Douala V
Douala (Non précisé),Non précisé,
Douala 3,Logbessou,Douala V
Douala (Non précisé),Non précisé,
Douala (Non précisé),Logbessou,Douala V
Douala 3,Non précisé,
Douala (Non précisé),Non précisé,
Douala (Non précisé),Non précisé,
Douala (Non précisé),Pk 11,Douala III
Douala 3,Nyalla,Douala III
Douala 2,Bonanloka,Douala III
Douala 2,New Bell,Douala II
Douala 2,New Bell,Douala II
Douala 5,Cité Sic,Douala V
Douala 4,Bonabeyike,Douala V
Douala (Non précisé),Nkongmondo,Douala I
Douala 3,Logbaba,Douala III
Douala 5,Logbessou,Douala V
Douala 2,New Bell,Douala II
Douala 2,New Bell,Douala II
Douala (Non précisé),Deido,Douala I
Douala (Non précisé),Non précisé,
Douala (Non précisé),Akwa,Douala I
Douala (Non précisé),Akwa,Douala I
Douala 2,Non précisé,
Douala 3,Ndogpassi,Douala III
Douala (Non précisé),Non précisé,
Douala (Non précisé),Mbanga Bakoko,Douala III
Douala (Non précisé),Tergal,Douala III
Douala (Non précisé),Yassa,Douala III
Douala 3,Non précisé,
Douala (Non précisé),Ndogbong,Douala V
Douala 5,Nguibassal,Douala V
Douala 5,Ange Raphaël,Douala V
Douala 2,New Bell,Douala II
Douala 2,New Bell,Douala II
Douala (Non précisé),New Bell,Douala II
Douala (Non précisé),New Bell,Douala II
Douala (Non précisé),Yassa,Douala III
Douala (Non précisé),Non précisé,
Douala 1,Bonamoussadi,Douala V
Douala (Non précisé),Non précisé,
Édéa,Non précisé,
Douala (Non précisé),Non précisé,
Douala 3,Non précisé,
Douala (Non précisé),Cité des palmiers,Douala V
Douala (Non précisé),Ndogbong,Douala V
Douala (Non précisé),Makepe,Douala V
Douala 2,Non précisé,
Douala (Non précisé),Non précisé,
Douala (Non précisé),Nyalla,Douala III
Douala (Non précisé),Bepanda,Douala V
Douala 3,Logbaba,Douala III
Douala (Non précisé),Non précisé,
Douala 3,Logbaba,Douala III
Douala (Non précisé),Non précisé,
Douala 3,Yassa,Douala III
Douala (Non précisé),Non précisé,
Douala 3,Nyalla,Douala III
Douala (Non précisé),Non précisé,
Douala (Non précisé),Nyalla,Douala III
Douala 5,Cité Sic,Douala V
Douala (Non précisé),Non précisé,
Douala 3,Yassa,Douala III
Douala (Non précisé),Brazzaville,Douala III
Douala (Non précisé),Brazzaville,Douala III
Douala 3,Yassa,Douala III
Non précisé,Non précisé,
Douala (Non précisé),Non précisé,
Douala (Non précisé),Non précisé,
Douala 2,New Bell,Douala II
Douala 2,New Bell,Douala II
Édéa,Non précisé,
Douala 1,Bonamoussadi,Douala V
Douala 3,Ndogbong,Douala V
Douala (Non précisé),Kotto,Douala V
Douala (Non précisé),Non précisé,
Douala 2,New Bell,Douala II
Douala 2,New Bell,Douala II
Buéa,Non précisé,
Douala 3,Ndogpassi,Douala III
Douala (Non précisé),Non précisé,
Douala (Non précisé),Ndogpassi,Douala III
Douala (Non précisé),Boko,Douala III
Douala 3,Ndogpassi,Douala III
Douala (Non précisé),Non précisé,
Douala (Non précisé),Boko,Douala III
Douala (Non précisé),Ndokoti,Douala III
Douala 3,Non précisé,
Douala 5,Pk 9,Douala III
Douala 5,Kotto,Douala V
Douala 3,Japoma,Douala III
Douala (Non précisé),Non précisé,
Douala (Non précisé),Nyalla,Douala III
Douala (Non précisé),Nyalla,Douala III
Douala 3,Nyalla,Douala III
Douala 4,Non précisé,
Douala 3,Non précisé,
Douala 5,Pk 9,Douala III
Douala 3,Non précisé,
Douala 5,Makepe,Douala V
Douala 1,Deido,Douala I
Douala (Non précisé),Bali,Douala I
Douala 1,Bali,Douala I
Douala 5,Non précisé,
Douala 3,Ndogpassi,Douala III
Douala 3,Yassa,Douala III
Douala (Non précisé),Makepe,Douala V
Douala (Non précisé),Cité de la Paix,Douala III
Douala 4,Non précisé,
Douala 2,New Bell,Douala II
Douala 2,New Bell,Douala II
Douala 3,Non précisé,
Douala (Non précisé),Non précisé,
Douala (Non précisé),Ngodi,Douala I
Douala 3,Non précisé,
Douala (Non précisé),Brazzaville,Douala III
Douala (Non précisé),Brazzaville,Douala III
Douala (Non précisé),Non précisé,
Douala 3,Non précisé,
Douala 3,Yassa,Douala III
Douala 5,Beedi,Douala V
Douala 2,Ngodi,Douala I
Douala 3,Yassa,Douala III
Douala 3,Ndogbong,Douala V
Douala 3,Ndogpassi,Douala III
Douala 3,Japoma,Douala III
Douala 3,Logbaba,Douala III
Douala 3,Logbaba,Douala III
Yaoundé,Non précisé,
Douala 3,Yassa,Douala III
Douala 3,Yassa,Douala III
Douala (Non précisé),Non précisé,
Douala 3,Japoma,Douala III
Douala (Non précisé),Non précisé,
Douala (Non précisé),Non précisé,
Douala (Non précisé),Mbanga Bakoko,Douala III
Douala (Non précisé),Logbaba,Douala III
Douala (Non précisé),Non précisé,
Douala (Non précisé),Non précisé,
Douala 3,Ndogpassi,Douala III
Douala 5,Makepe,Douala V
Douala (Non précisé),Non précisé,
Douala 1,Deido,Douala I
Douala 3,Bonapriso,Douala I
Non précisé,Congo,Douala II
Douala 3,Ndogpassi,Douala III
Douala (Non précisé),Non précisé,
Douala (Non précisé),Non précisé,
Douala (Non précisé),Yassa,Douala III
Douala (Non précisé),Non précisé,
Douala 3,Logbaba,Douala III
Douala (Non précisé),Non précisé,
Douala 3,Yassa,Douala III
Douala 3,Nyalla,Douala III
Douala 3,Yassa,Douala III
Douala (Non précisé),Non précisé,
Douala (Non précisé),Non précisé,
Douala (Non précisé),Non précisé,
Douala (Non précisé),Ndogpassi,Douala III
Douala (Non précisé),Ndogbong,Douala V
Douala (Non précisé),Non précisé,
Douala (Non précisé),Non précisé,
Douala 5,Bepanda,Douala V
Douala 2,New Bell,Douala II
Douala 2,New Bell,Douala II
Douala (Non précisé),Non précisé,
Douala (Non précisé),Non précisé,
Douala (Non précisé),Non précisé,
Douala 5,Beedi,Douala V
Douala (Non précisé),Cité Sic,Douala V
Douala (Non précisé),Nkongmondo,Douala I
Douala (Non précisé),Non précisé,
Douala (Non précisé),Ndogbong,Douala V
Douala (Non précisé),Ndogbong,Douala V
Buéa,Non précisé,
Douala 4,Non précisé,
Douala (Non précisé),Bepanda,Douala V
Douala (Non précisé),Akwa,Douala I
Douala (Non précisé),Akwa,Douala I
Douala (Non précisé),Non précisé,
Douala 3,Ndogpassi,Douala III
Douala (Non précisé),Non précisé,
Douala (Non précisé),Song-Mahop,Douala III
Douala (Non précisé),Non précisé,
Douala 5,Logbessou,Douala V
Douala 5,Logbessou,Douala V
Douala (Non précisé),Non précisé,
Douala 3,Ndogpassi,Douala III
Douala (Non précisé),Bonateki,Douala I
Douala (Non précisé),Cité Sic,Douala V
Douala 3,Logbaba,Douala III
Douala 5,Ange Raphaël,Douala V
Douala (Non précisé),Non précisé,
Douala (Non précisé),Makepe,Douala V
Dschang,Non précisé,
Yaoundé,Non précisé,
Douala (Non précisé),Ndokoti,Douala III
Douala (Non précisé),Nkongmondo,Douala I
Douala 2,New Bell,Douala II
Douala 2,New Bell,Douala II
Douala (Non précisé),Non précisé,
Douala (Non précisé),Non précisé,
Douala (Non précisé),Cité des palmiers,Douala V
Douala (Non précisé),Non précisé,
Douala (Non précisé),Bepanda,Douala V
Douala (Non précisé),Non précisé,
Douala (Non précisé),Non précisé,
Douala (Non précisé),Bepanda,Douala V
Douala 2,Non précisé,
Douala (Non précisé),Non précisé,
Douala (Non précisé),Non précisé,
Douala (Non précisé),Pk 10,Douala III
Douala (Non précisé),Non précisé,
Douala 4,Non précisé,
Douala 1,Aéroport,Douala II
Douala (Non précisé),Non précisé,
Douala (Non précisé),Non précisé,
Douala (Non précisé),Logbaba,Douala III
Douala 3,Dibom,Douala III
Douala 3,Non précisé,
Douala (Non précisé),Yassa,Douala III
Douala 3,Yassa,Douala III
Douala 2,Ndogpassi,Douala III
Douala 4,Non précisé,
Douala 3,Yassa,Douala III
Bomono Ba Mbègué,Non précisé,
Douala 3,Bepanda,Douala V
Douala 3,New Bell,Douala II
Douala 3,New Bell,Douala II
Douala (Non précisé),Non précisé,
Buéa,Non précisé,
Douala 5,Bonamoussadi,Douala V
Douala (Non précisé),Ange Raphaël,Douala V
Douala (Non précisé),Ndogpassi,Douala III
Douala (Non précisé),Non précisé,
Douala 5,Non précisé,
Douala (Non précisé),Non précisé,
Douala (Non précisé),Makepe,Douala V
Douala 5,Non précisé,
Douala (Non précisé),Non précisé,
Douala (Non précisé),Non précisé,
Douala (Non précisé),Non précisé,
Douala (Non précisé),Bepanda,Douala V
Douala 5,Non précisé,
Non précisé,Non précisé,
Douala 3,Yassa,Douala III
Douala 3,Yassa,Douala III
Douala 5,Bonamoussadi,Douala V
Douala (Non précisé),Cité Sic,Douala V
Douala 5,Makepe,Douala V
Douala 2,Bali,Douala I
Douala (Non précisé),Non précisé,
Douala (Non précisé),Japoma,Douala III
Douala (Non précisé),Logbessou,Douala V
Douala (Non précisé),Cité de la Paix,Douala III
Douala 5,Pk 9,Douala III
Édéa,Non précisé,
Douala (Non précisé),Non précisé,
Douala (Non précisé),Bali,Douala I
Douala (Non précisé),Non précisé,
Édéa,Non précisé,
Douala 3,Pk 10,Douala III
Douala 3,Non précisé,
Édéa,Non précisé,
Douala (Non précisé),Japoma,Douala III
Douala 3,Logbaba,Douala III
Douala 3,Beedi,Douala V
Douala (Non précisé),Beedi,Douala V
Douala 5,Ndogbong,Douala V
Douala 3,Ngodi,Douala I
Douala (Non précisé),Cité des palmiers,Douala V
Douala (Non précisé),Logbaba,Douala III
Douala 4,Grand Moulin,Douala I
Douala (Non précisé),Non précisé,
Douala (Non précisé),Non précisé,
Douala 3,Nyalla,Douala III
Douala (Non précisé),Bonandale,Douala IV
Douala (Non précisé),Kotto,Douala V
Douala 3,Non précisé,
Douala 3,Ngodi,Douala I
Douala (Non précisé),Bepanda,Douala V
Douala 3,Cité des palmiers,Douala V
Douala (Non précisé),Non précisé,
Douala (Non précisé),Boko,Douala III
Yaoundé,Non précisé,
Douala (Non précisé),Ange Raphaël,Douala V
Douala 5,Makepe,Douala V
Douala 5,Bepanda,Douala V
Douala (Non précisé),Non précisé,
Douala 3,Cité des palmiers,Douala V
Douala (Non précisé),Non précisé,
Douala (Non précisé),Ndogbong,Douala V
Douala (Non précisé),Non précisé,
Douala (Non précisé),Bepanda,Douala V
Douala 3,Ndogpassi,Douala III
Douala 3,Non précisé,
Douala 5,Makepe,Douala V
Douala,Non précisé,
Douala (Non précisé),Non précisé,
Douala (Non précisé),Non précisé,
Douala 4,Pk 10,Douala III
Douala 3,Logbaba,Douala III
Douala 3,Logbaba,Douala III
Douala (Non précisé),Beedi,Douala V
Douala (Non précisé),Bepanda,Douala V
Douala 3,Yassa,Douala III
Douala (Non précisé),Pk 11,Douala III
Douala (Non précisé),Non précisé,
Douala (Non précisé),Non précisé,
Douala (Non précisé),Non précisé,
Douala 4,Non précisé,
Douala (Non précisé),Japoma,Douala III
Douala (Non précisé),Non précisé,
Douala 5,Makepe,Douala V
Douala (Non précisé),Makepe,Douala V
Douala 3,Cité des palmiers,Douala V
Douala (Non précisé),Pk 10,Douala III
Douala (Non précisé),Makepe,Douala V
Douala (Non précisé),Non précisé,
Douala (Non précisé),Oyack,Douala III
Douala 3,Logbaba,Douala III
Douala (Non précisé),Non précisé,
Douala 2,Non précisé,
Douala (Non précisé),Non précisé,
Douala (Non précisé),Bilongue,Douala III
Douala (Non précisé),Akwa Nord,Douala I
Douala (Non précisé),Non précisé,
Douala 2,Nkongmondo,Douala I
Douala (Non précisé),Pk 11,Douala III
Douala 1,Bonapriso,Douala I
Douala 5,Logpom,Douala V
Douala (Non précisé),Ngodi,Douala I
Douala 5,Non précisé,
Douala (Non précisé),Makepe,Douala V
Douala (Non précisé),New Bell,Douala II
Douala (Non précisé),New Bell,Douala II
Douala 2,Bonabeyike,Douala V
Douala 5,Bonamoussadi,Douala V
Douala (Non précisé),Bonamoussadi,Douala V
Douala 4,Bonabeyike,Douala V
Douala 3,Ndogpassi,Douala III
Douala 3,Non précisé,
Douala (Non précisé),Logpom,Douala V
Douala (Non précisé),Ange Raphaël,Douala V
Douala 3,Ndogbong,Douala V
Douala 3,Akwa Nord,Douala I
Douala (Non précisé),Logbaba,Douala III
Non précisé,Non précisé,
Douala 3,Nyalla,Douala III
Douala 3,Yassa,Douala III
Douala (Non précisé),Yassa,Douala III
Douala (Non précisé),Non précisé,
Douala (Non précisé),Non précisé,
Douala 5,Bepanda,Douala V
Douala 3,Non précisé,
Non précisé,Non précisé,
Douala (Non précisé),Ndogpassi,Douala III
Douala (Non précisé),Non précisé,
Douala 3,Logbaba,Douala III
Douala (Non précisé),Japoma,Douala III
Douala (Non précisé),Nyalla,Douala III
Douala (Non précisé),Logpom,Douala V
Douala 5,Non précisé,
Douala 5,Bonamoussadi,Douala V
Douala 3,Non précisé,
Douala 5,Deido,Douala I
Douala (Non précisé),Non précisé,
Douala (Non précisé),Non précisé,
Douala (Non précisé),Non précisé,
Douala (Non précisé),Non précisé,
Douala (Non précisé),Makepe,Douala V
Douala 3,Yassa,Douala III
Douala 3,Non précisé,
Douala (Non précisé),Non précisé,
Douala (Non précisé),Pk 10,Douala III
Douala 3,Nyalla,Douala III
Douala (Non précisé),Non précisé,
Douala 5,Non précisé,
Douala (Non précisé),Non précisé,
Douala 5,Non précisé,
Douala 3,Yassa,Douala III
Douala (Non précisé),Non précisé,
Douala 5,Non précisé,
Douala (Non précisé),Non précisé,
Douala 1,Deido,Douala I
Douala 3,Logbaba,Douala III
Douala 3,Aéroport,Douala II
Dikongmondo,Non précisé,
Douala (Non précisé),Cité des palmiers,Douala V
Douala (Non précisé),Nyalla,Douala III
Douala (Non précisé),Cité des palmiers,Douala V
Douala (Non précisé),Ndogsimbi,Douala III
Douala (Non précisé),Ndogsimbi,Douala V
Douala (Non précisé),Bonadiwoto,Douala III
Douala (Non précisé),Ndokoti,Douala III
Douala (Non précisé),Non précisé,
Douala 2,New Bell,Douala II
Douala 2,New Bell,Douala II
Douala (Non précisé),Deido,Douala I
Douala 3,Oyack,Douala III
Douala (Non précisé),Non précisé,
Douala (Non précisé),Deido,Douala I
Douala (Non précisé),Non précisé,
Douala (Non précisé),Non précisé,
Douala (Non précisé),Non précisé,
Douala 3,Non précisé,
Douala 5,Pk 10,Douala III
Douala 5,Pk 10,Douala III
Douala (Non précisé),New Bell,Douala II
Douala (Non précisé),New Bell,Douala II
Douala (Non précisé),Non précisé,
Douala (Non précisé),Non précisé,
Douala 5,Ndogbong,Douala V
Douala (Non précisé),Ngodi,Douala I
Douala (Non précisé),Non précisé,
Édéa,Nkongmondo,Douala I
Douala 4,Non précisé,
Douala (Non précisé),Non précisé,
Douala (Non précisé),Non précisé,
Douala 1,Bonakouamouang,Douala I
Douala (Non précisé),Ange Raphaël,Douala V
Douala 3,Ndokoti,Douala III
Douala (Non précisé),Non précisé,
Douala (Non précisé),Non précisé,
Limbe,Non précisé,
Douala 3,Oyack,Douala III
Douala 5,Bonamoussadi,Douala V
Douala 2,New Bell,Douala II
Douala 2,New Bell,Douala II
Douala (Non précisé),Bonadoumbé,Douala I
Douala (Non précisé),Akwa Nord,Douala I
Douala 3,Logpom,Douala V
Douala 3,Non précisé,
Douala 3,Nyalla,Douala III
Douala 2,New Bell,Douala II
Douala 2,New Bell,Douala II
Douala 1,Deido,Douala I
Douala 4,Non précisé,
Douala 2,New Bell,Douala II
Douala 2,New Bell,Douala II
Douala (Non précisé),Non précisé,
Douala (Non précisé),Logbessou,Douala V
Douala 3,Nyalla,Douala III
Douala (Non précisé),Pk 10,Douala III
Douala (Non précisé),Deido,Douala I
Douala (Non précisé),Bonamoussadi,Douala V
Douala 3,Non précisé,
Douala 4,Non précisé,
Douala 1,Deido,Douala I
Douala 2,Non précisé,
Non précisé,Non précisé,
Douala 3,Pk 9,Douala III
Douala (Non précisé),Non précisé,
Douala (Non précisé),Non précisé,
Douala (Non précisé),Non précisé,
Douala (Non précisé),Non précisé,
Douala 1,Bali,Douala I
Douala 3,Logbaba,Douala III
Douala (Non précisé),Kotto,Douala V
Douala (Non précisé),Non précisé,
Douala (Non précisé),Non précisé,
Douala (Non précisé),Non précisé,
Douala 4,Bonabeyike,Douala V
Douala (Non précisé),Nkongmondo,Douala I
Douala (Non précisé),Non précisé,
Douala (Non précisé),Non précisé,
Douala (Non précisé),Non précisé,
Douala (Non précisé),New Bell,Douala II
Douala (Non précisé),New Bell,Douala II
Douala 2,Bali,Douala I
Douala 4,Non précisé,
Douala (Non précisé),Non précisé,
Douala 1,Akwa,Douala I
Douala 1,Akwa,Douala I
Douala (Non précisé),Akwa,Douala I
Douala (Non précisé),Akwa,Douala I
Douala 3,Nyalla,Douala III
Douala (Non précisé),Brazzaville,Douala III
Douala (Non précisé),Brazzaville,Douala III
Douala 5,Non précisé,
Douala (Non précisé),Non précisé,
Douala 3,Non précisé,
Douala 5,Bilongue,Douala III
Douala 2,Nkongmondo,Douala I
Douala (Non précisé),Logbessou,Douala V
Douala 3,Beedi,Douala V
Douala (Non précisé),Nkongmondo,Douala I
Douala 3,Nyalla,Douala III
Douala (Non précisé),Non précisé,
Douala (Non précisé),Non précisé,
Douala 5,Cité Sic,Douala V
Douala (Non précisé),Ngodi,Douala I
Douala (Non précisé),Non précisé,
Douala (Non précisé),Makepe,Douala V
Douala (Non précisé),Non précisé,
Douala (Non précisé),Akwa,Douala I
Douala (Non précisé),Akwa,Douala I
Non précisé,Non précisé,
Douala 3,Ndogpassi,Douala III
Douala (Non précisé),Bepanda,Douala V
Douala 4,Dibom,Douala III
Non précisé,Non précisé,
Douala (Non précisé),Non précisé,
Douala 3,Logbaba,Douala III
Douala (Non précisé),Makepe,Douala V
Douala 3,Nyalla,Douala III
Douala (Non précisé),Non précisé,
Douala (Non précisé),Non précisé,
Douala 4,Non précisé,
Douala (Non précisé),Non précisé,
Douala 2,Bonapriso,Douala I
Douala 3,Oyack,Douala III
Douala 1,Bali,Douala I
Douala (Non précisé),Cité Berge,Douala III
Douala (Non précisé),Non précisé,
Douala 3,Ndogpassi,Douala III
Non précisé,Non précisé,
Douala 3,Cité de la Paix,Douala III
Douala (Non précisé),Yassa,Douala III
Douala (Non précisé),Bepanda,Douala V
Douala 3,Nyalla,Douala III
Douala (Non précisé),Non précisé,
Douala 3,Yassa,Douala III
Douala (Non précisé),Ndogpassi,Douala III
Douala (Non précisé),Non précisé,
Douala 3,Tergal,Douala III
Douala 3,Boko,Douala III
Non précisé,Non précisé,
Douala (Non précisé),Non précisé,
Douala 1,Deido,Douala I
Douala (Non précisé),Non précisé,
Yaoundé,Non précisé,
Douala (Non précisé),Ndogpassi,Douala III
Douala (Non précisé),Ndogpassi,Douala III
Douala (Non précisé),Non précisé,
Douala 3,Bilongue,Douala III
Douala 4,Non précisé,
Douala 3,Bilongue,Douala III
Douala (Non précisé),Cité Berge,Douala III
Douala 5,Logpom,Douala V
Douala 5,New Bell,Douala II
Douala 5,New Bell,Douala II
Douala (Non précisé),Ndogpassi,Douala III
Douala 3,Brazzaville,Douala III
Douala 3,Brazzaville,Douala III
Douala (Non précisé),Non précisé,
Douala (Non précisé),Non précisé,
Douala 3,Nyalla,Douala III
Douala 3,Ndogpassi,Douala III
Douala (Non précisé),Deido,Douala I
Douala (Non précisé),Bepanda,Douala V
Douala 3,Ndogpassi,Douala III
Douala 3,Ndogpassi,Douala III
Douala (Non précisé),Non précisé,
Douala (Non précisé),Non précisé,
Douala (Non précisé),Pk 11,Douala III
Douala (Non précisé),Bonateki,Douala I
Douala (Non précisé),Nyalla,Douala III
Douala 5,Kotto,Douala V
Douala (Non précisé),Ndogpassi,Douala III
Douala (Non précisé),Pk 21,Douala III
Douala (Non précisé),Nyalla,Douala III
Douala 5,Malangue,Douala V
Douala (Non précisé),Non précisé,
Douala (Non précisé),Non précisé,
Douala 3,Ndogpassi,Douala III
Douala 3,Ndogpassi,Douala III
Douala (Non précisé),Non précisé,
Non précisé,Non précisé,
Douala (Non précisé),Non précisé,
Douala 3,Bepanda,Douala V
Douala (Non précisé),Yassa,Douala III
Douala 1,Bonapriso,Douala I
Douala (Non précisé),Non précisé,
Douala (Non précisé),Non précisé,
Douala 5,Boko,Douala III
Deïdo,Deido,Douala I
Douala (Non précisé),New Bell,Douala II
Douala (Non précisé),New Bell,Douala II
Douala 5,Logpom,Douala V
Douala 5,Non précisé,
Douala 3,Non précisé,
Douala 5,Kotto,Douala V
Douala 5,Logpom,Douala V
Douala (Non précisé),Non précisé,
Douala (Non précisé),Boko,Douala III
Douala 5,Pk 10,Douala III
Douala 3,Ndogpassi,Douala III
Douala 3,Ndogpassi,Douala III
Douala 5,Logbessou,Douala V
Douala (Non précisé),Japoma,Douala III
Douala (Non précisé),Dibom,Douala III
Non précisé,Non précisé,
Douala (Non précisé),Ange Raphaël,Douala V
Douala 5,Logpom,Douala V
Douala 5,Ndogbong,Douala V
Douala (Non précisé),Non précisé,
Douala (Non précisé),Non précisé,
Douala (Non précisé),Pk 11,Douala III
Douala (Non précisé),Non précisé,
Douala (Non précisé),Non précisé,
Douala 3,Yassa,Douala III
Douala 5,Kotto,Douala V
Douala 3,Yassa,Douala III
Non précisé,Non précisé,
Douala 2,Tergal,Douala III
Douala 2,New Bell,Douala II
Douala 2,New Bell,Douala II
Douala 3,Yassa,Douala III
Douala (Non précisé),Non précisé,
Douala (Non précisé),Non précisé,
Non précisé,Non précisé,
Douala (Non précisé),Cité Sic,Douala V
Douala (Non précisé),Bonamoussadi,Douala V
Douala 3,Logbaba,Douala III
Douala 3,New Bell,Douala II
Douala 3,New Bell,Douala II
Douala (Non précisé),Logbaba,Douala III
Douala (Non précisé),Yassa,Douala III
Douala 3,Logbaba,Douala III
Douala 3,Ndogpassi,Douala III
Douala 3,Non précisé,
Douala 2,New Bell,Douala II
Douala 2,New Bell,Douala II
Douala (Non précisé),Non précisé,
Douala 3,Ngodi,Douala I
Douala (Non précisé),Non précisé,
Douala 5,Bepanda,Douala V
Douala 3,Bilongue,Douala III
Douala (Non précisé),Bessengue,Douala I
Douala 5,New Bell,Douala II
Douala 5,New Bell,Douala II
Douala (Non précisé),Bali,Douala I
Douala (Non précisé),Bali,Douala I
Douala (Non précisé),Non précisé,
Douala (Non précisé),Bali,Douala I
Douala 5,Non précisé,
Douala (Non précisé),Ngodi,Douala I
Douala (Non précisé),Bonabeyike,Douala V
Douala (Non précisé),Bepanda,Douala V
Douala (Non précisé),Non précisé,
Douala 3,Ndogbong,Douala V
Douala 5,Logpom,Douala V
Douala (Non précisé),Non précisé,
Douala (Non précisé),Makepe,Douala V
Douala (Non précisé),Yassa,Douala III
Douala (Non précisé),Non précisé,
Douala (Non précisé),Pk 11,Douala III
Douala (Non précisé),Non précisé,
Douala 3,Nyalla,Douala III
Douala 3,Non précisé,
Sud-Ouest Tombel,Non précisé,
Douala (Non précisé),Pk 11,Douala III
Douala (Non précisé),Logbessou,Douala V
Douala (Non précisé),Logbessou,Douala V
Douala 5,Kotto,Douala V
Douala 5,Bepanda,Douala V
Yaoundé,Mbanga Bakoko,Douala III
Douala 3,Nyalla,Douala III
Yaoundé,Non précisé,
Douala (Non précisé),Bonamoussadi,Douala V
Non précisé,Non précisé,
Douala 5,New Bell,Douala II
Douala 5,New Bell,Douala II
Douala 3,Non précisé,
Douala 5,Bonamoussadi,Douala V
Douala 5,Bonamoussadi,Douala V
Douala (Non précisé),Non précisé,
Douala (Non précisé),Ndogmbe,Douala V
Douala (Non précisé),Non précisé,
Douala (Non précisé),Non précisé,
Douala (Non précisé),Non précisé,
Douala 5,Non précisé,
Douala 5,Non précisé,
Douala (Non précisé),Ngodi,Douala I
Douala (Non précisé),Non précisé,
Douala 3,Makepe,Douala V
Douala 2,Nkongmondo,Douala I
Douala (Non précisé),Non précisé,
Douala 3,Non précisé,
Douala (Non précisé),Non précisé,
Douala (Non précisé),Non précisé,
Douala 2,Youpwé,Douala II
Douala (Non précisé),Makepe,Douala V
Douala (Non précisé),Cité Sic,Douala V
Douala (Non précisé),Non précisé,
Douala (Non précisé),Pk 17,Douala III
Douala (Non précisé),New Bell,Douala II
Douala (Non précisé),New Bell,Douala II
Douala 3,Ndogpassi,Douala III
Douala 1,Deido,Douala I
Douala 3,Non précisé,
Douala (Non précisé),Ange Raphaël,Douala V
Douala 3,Non précisé,
Douala 5,Bepanda,Douala V
Douala 3,Logbaba,Douala III
Douala (Non précisé),Bepanda,Douala V
Douala 3,Pk 10,Douala III
Douala (Non précisé),Non précisé,
Douala (Non précisé),Bonamoussadi,Douala V
Douala (Non précisé),Ange Raphaël,Douala V
Douala 5,Pk 10,Douala III
Douala (Non précisé),Non précisé,
Douala (Non précisé),Non précisé,
Douala 5,Bepanda,Douala V
Douala 5,Non précisé,
Douala 5,Logpom,Douala V
Douala 3,Nyalla,Douala III
Douala 1,Deido,Douala I
Douala 3,Yassa,Douala III
Douala (Non précisé),Nyalla,Douala III
Douala (Non précisé),Boko,Douala III
Douala (Non précisé),Mbengue City,Douala V
Douala (Non précisé),Non précisé,
Douala 3,Yassa,Douala III
Douala (Non précisé),Ndogpassi,Douala III
Douala 5,Logpom,Douala V
Douala 3,Ndogpassi,Douala III
Douala (Non précisé),Non précisé,
Douala (Non précisé),Boko,Douala III
Douala (Non précisé),Non précisé,
Douala (Non précisé),Pk 10,Douala III
Douala (Non précisé),Non précisé,
Douala 3,Ndogpassi,Douala III
Douala (Non précisé),Ndogpassi,Douala III
Douala 4,Non précisé,
Douala 3,Non précisé,
Douala (Non précisé),Non précisé,
Douala (Non précisé),Non précisé,
Douala (Non précisé),New Bell,Douala II
Douala (Non précisé),New Bell,Douala II
Douala (Non précisé),Non précisé,
Douala 3,Ngodi,Douala I
Douala 3,Nyalla,Douala III
Douala 5,Bepanda,Douala V
Douala (Non précisé),Non précisé,
Douala 3,Yassa,Douala III
Douala 5,Pk 9,Douala III
Douala (Non précisé),Non précisé,
Douala 5,Kotto,Douala V
Douala 3,Non précisé,
Douala (Non précisé),Non précisé,
Douala (Non précisé),Non précisé,
Douala (Non précisé),Non précisé,
Douala (Non précisé),Non précisé,
Douala 5,New Bell,Douala II
Douala 5,New Bell,Douala II
Douala 4,Ndobo,Douala IV
Yaoundé,Non précisé,
Douala (Non précisé),Cité des palmiers,Douala V
Douala 4,Non précisé,
Douala 3,Boko,Douala III
Douala 3,Ndogpassi,Douala III
Douala 5,Non précisé,
Douala 5,Bepanda,Douala V
Douala 5,Non précisé,
Douala 3,Logbaba,Douala III
Douala 3,Nyalla,Douala III
Douala 3,Non précisé,
Douala 3,Japoma,Douala III
Douala (Non précisé),Cité Sic,Douala V
Douala (Non précisé),Non précisé,
Douala (Non précisé),Bepanda,Douala V
Douala 3,Non précisé,
Douala 3,Cité des palmiers,Douala V
Douala (Non précisé),Non précisé,
Douala 3,Yassa,Douala III
Douala 2,Bonapriso,Douala I
Douala (Non précisé),Youpwé,Douala II
Douala 3,Non précisé,
Douala 3,Nylon,Douala III
Douala (Non précisé),Non précisé,
Douala (Non précisé),Ngodi,Douala I
Douala 1,Deido,Douala I
Douala 2,Non précisé,
Douala (Non précisé),Kotto,Douala V
Douala (Non précisé),Non précisé,
Douala 2,Non précisé,
Douala 1,Bonadibong,Douala I
Douala (Non précisé),Non précisé,
Douala 1,Bonadibong,Douala I
Douala (Non précisé),Non précisé,
Douala (Non précisé),Oyack,Douala III
Douala (Non précisé),Japoma,Douala III
Douala (Non précisé),Non précisé,
Douala (Non précisé),Ndogpassi,Douala III
Douala (Non précisé),Ndogpassi,Douala III
Douala (Non précisé),Ndogpassi,Douala III
Douala (Non précisé),Ndogpassi,Douala III
Douala 5,Non précisé,
Douala (Non précisé),Kotto,Douala V
Douala 4,Bonabeyike,Douala V
Douala 3,Bepanda,Douala V
Yaoundé,Non précisé,
Douala 3,Ndogbong,Douala V
Douala (Non précisé),Non précisé,
Douala (Non précisé),Cité des palmiers,Douala V
Douala (Non précisé),Non précisé,
Douala 3,Non précisé,
